Workbook

Sheet Datasheet
D1: Quality (1=not achieved, 2=major deficits, 3=minor deficits, 4=best) | S1: Correctness (1=incorrect, 2=major issues, 3=minor issues, 4=correct)
B2: Mission requirement (generated by the LLM) | C2: Number of Tries | D2: Comb. avg. quality rating | E2: Prompt Engineer | L2: Evaluator | S2: Avg correctness rating | T2: Prompt Engineer | V2: Evaluator | AA2: Distance of Disagreement
A3: BT ID | E3: Avg. quality rating | F3: Atomicity | G3: Ambiguity | H3: Completeness | I3: Usability | J3: Consistency | K3: Comment | L3: Avg. quality rating | M3: Atomicity | N3: Ambiguity | O3: Completeness | P3: Usability | Q3: Consistency | R3: Comment | T3: Rating | U3: Comment | V3: Rating | W3: Comment | X3: Prompts | AA3: Atomicity | AB3: Ambiguity | AC3: Completeness | AD3: Usability | AE3: Consistency
A4: Cycle 1
A5: entry_6 | B5: https://github.com/isselab/2025-models-prompt-engineering-results/blob/main/experiment_samples/cycle_1/mrq_entry_6.txt | C5: 5 | D5: =AVERAGE(E5, L5) -> 2.4 | E5: =AVERAGE(F5, G5, H5, I5, J5) -> 2 | F5: 2 | G5: 2 | H5: 2 | I5: 1 | J5: 3 | K5: Misinterpreted code references. The LLM also included unecessary additional information (Behavioral Flow Reference Mapping) presented in an undesired format. Readability was bad | L5: =AVERAGE(M5, N5, O5, P5, Q5) -> 2.8 | M5: 2 | N5: 3 | O5: 4 | P5: 1 | Q5: 4 | R5: The requirement R11 addresses two atomic functions: “position its arms for grasping” and “navigate to the computed inverse pose”. It is possible to improve the readability of the requirements to enable non-technical users to understand the behavior captured. | S5: =AVERAGE(T5, V5) -> 3.5 | T5: 3 | U5: ask for help may not always be from a human. that detail is not entirely correct | V5: 4 | X5: https://github.com/isselab/2025-models-prompt-engineering-results/blob/main/experiment_samples/cycle_1/prompt_entry_6.txt | AA5: =ABS(F5-M5) -> 0 | AB5: =ABS(G5-N5) -> 1 | AC5: =ABS(H5-O5) -> 2 | AD5: =ABS(I5-P5) -> 0 | AE5: =ABS(J5-Q5) -> 1
A6: entry_64 | B6: https://github.com/isselab/2025-models-prompt-engineering-results/blob/main/experiment_samples/cycle_1/mrq_entry_64.txt | C6: 1 | D6: =AVERAGE(E6, L6) -> 2.7 | E6: =AVERAGE(F6, G6, H6, I6, J6) -> 2.6 | F6: 3 | G6: 3 | H6: 3 | I6: 1 | J6: 3 | K6: code references not consistently applied. readability was bad (usability <) | L6: =AVERAGE(M6, N6, O6, P6, Q6) -> 2.8 | M6: 4 | N6: 3 | O6: 4 | P6: 1 | Q6: 2 | R6: It is possible to improve the readability of the requirements to enable non-technical users to understand the behavior captured. R2 and R8 are redundant. | S6: =AVERAGE(T6, V6) -> 2.5 | T6: 2 | U6: REQ-7 not an accurate requirement. "interesting" cannot be readily inferred from visualizing the BT. REQ-2 and REQ-8 are the same (i.e. redundancy). REQ-13 not so accurate | V6: 3 | W6: R2 and R8 are redundant. | X6: https://github.com/isselab/2025-models-prompt-engineering-results/blob/main/experiment_samples/cycle_1/prompt_entry_64.txt | AA6: =ABS(F6-M6) -> 1 | AB6: =ABS(G6-N6) -> 0 | AC6: =ABS(H6-O6) -> 1 | AD6: =ABS(I6-P6) -> 0 | AE6: =ABS(J6-Q6) -> 1
A7: entry_73 | B7: https://github.com/isselab/2025-models-prompt-engineering-results/blob/main/experiment_samples/cycle_1/mrq_entry_73.txt | C7: 2 | D7: =AVERAGE(E7, L7) -> 2.7 | E7: =AVERAGE(F7, G7, H7, I7, J7) -> 2.8 | F7: 3 | G7: 3 | H7: 4 | I7: 1 | J7: 3 | K7: Note: The BT XML misspells “RetryUntilSuccessful” as “RetryUntilSuccesful,” but LLM uses the intended meaning. Readability was bad | L7: =AVERAGE(M7, N7, O7, P7, Q7) -> 2.6 | M7: 4 | N7: 2 | O7: 2 | P7: 1 | Q7: 4 | R7: In my opinion, some of the inferences may lead to vague requirements (minor incompleteness) due to a lack of information. For example, in R16, how would 'stable orientation' be verified (moderate ambiguity) ? It is possible to improve the readability of the requirements to enable non-technical users to understand the behavior captured. | S7: =AVERAGE(T7, V7) -> 2 | T7: 2 | U7: REQ-3: "reports a SUCCESS condition" is not so accurate. More like a SUCCESS status is returned. A lot of repetirion of concepts. Alot of inferred condition added to action, which may not necessarily be accurate. | V7: 2 | W7: R2, R5, R8 and R11 are difficult to understand. It is necessary to reorganize them. It is possible to improve the readability of the requirements to enable users unambiguously understand the behavior captured | X7: https://github.com/isselab/2025-models-prompt-engineering-results/blob/main/experiment_samples/cycle_1/prompt_entry_73.txt | AA7: =ABS(F7-M7) -> 1 | AB7: =ABS(G7-N7) -> 1 | AC7: =ABS(H7-O7) -> 2 | AD7: =ABS(I7-P7) -> 0 | AE7: =ABS(J7-Q7) -> 1
A8: entry_266 | B8: https://github.com/isselab/2025-models-prompt-engineering-results/blob/main/experiment_samples/cycle_1/mrq_entry_266.txt | C8: 2 | D8: =AVERAGE(E8, L8) -> 2.6 | E8: =AVERAGE(F8, G8, H8, I8, J8) -> 2.4 | F8: 2 | G8: 2 | H8: 3 | I8: 1 | J8: 4 | K8: Code reference misinterpretation. R5 not atomic at all. Bad usability | L8: =AVERAGE(M8, N8, O8, P8, Q8) -> 2.8 | M8: 3 | N8: 3 | O8: 3 | P8: 1 | Q8: 4 | R8: R5 is not atomic. It is not explicitly stated which inputs of one action are outputs of another. In my opinion, this point could be improved if it is a priority. It is possible to improve the readability of the requirements to enable non-technical users to understand the behavior captured. | S8: =AVERAGE(T8, V8) -> 3.5 | T8: 3 | U8: sequence is not explicitly state and input paramaters are mentioned but not defined as input parameters. | V8: 4 | X8: https://github.com/isselab/2025-models-prompt-engineering-results/blob/main/experiment_samples/cycle_1/prompt_entry_266.txt | AA8: =ABS(F8-M8) -> 1 | AB8: =ABS(G8-N8) -> 1 | AC8: =ABS(H8-O8) -> 0 | AD8: =ABS(I8-P8) -> 0 | AE8: =ABS(J8-Q8) -> 0
A9: entry_317 | B9: https://github.com/isselab/2025-models-prompt-engineering-results/blob/main/experiment_samples/cycle_1/mrq_entry_317.txt | C9: 2 | D9: =AVERAGE(E9, L9) -> 2.3 | E9: =AVERAGE(F9, G9, H9, I9, J9) -> 2.2 | F9: 1 | G9: 3 | H9: 3 | I9: 1 | J9: 3 | K9: Inconsistent language: "robot" and "system" mix in wording. Statements can be further decomposed into multiples. There are standalone requiremnts that are not labelled. Poor usabilty | L9: =AVERAGE(M9, N9, O9, P9, Q9) -> 2.4 | M9: 2 | N9: 2 | O9: 4 | P9: 1 | Q9: 3 | R9: Different linguistic patterns are used in the statements. This makes it difficult to understand the requirements in natural language. Some statements may be split into one or more statements. It is possible to improve the readability of the requirements to enable non-technical users to understand the behavior captured. | S9: =AVERAGE(T9, V9) -> 2.5 | T9: 2 | U9: Nuances like nested sequences and roud robin recovery techniques are not explained properly from the staments provided. Vague explanation of actions could lead to misinterpretations | V9: 3 | W9: The statements describe all the nodes of the BT, but the lack of standardization in the language used makes it difficult to validate their correctness. | X9: https://github.com/isselab/2025-models-prompt-engineering-results/blob/main/experiment_samples/cycle_1/prompt_entry_317.txt | AA9: =ABS(F9-M9) -> 1 | AB9: =ABS(G9-N9) -> 1 | AC9: =ABS(H9-O9) -> 1 | AD9: =ABS(I9-P9) -> 0 | AE9: =ABS(J9-Q9) -> 0
A10: entry_375 | B10: https://github.com/isselab/2025-models-prompt-engineering-results/blob/main/experiment_samples/cycle_1/mrq_entry_375.txt | C10: 1 | D10: =AVERAGE(E10, L10) -> 2.5 | E10: =AVERAGE(F10, G10, H10, I10, J10) -> 2.8 | F10: 1 | G10: 4 | H10: 4 | I10: 1 | J10: 4 | K10: one instance of "the system" instead of "the robot". Atomicity and usability is violated | L10: =AVERAGE(M10, N10, O10, P10, Q10) -> 2.2 | M10: 2 | N10: 2 | O10: 3 | P10: 1 | Q10: 3 | R10: R3 is not clear. R2 and R3 are not atomic. The statements interchange the terms robot and system. It is possible to improve the readability of the requirements to enable non-technical users to understand the behavior captured. | S10: =AVERAGE(T10, V10) -> 2.5 | T10: 3 | U10: Not the best accuracy and general presentation is bad so the understandability is affected and this may cause inferences to be made on the behavior exhibited. | V10: 2 | W10: R3 is not clear. The parameters "barout", "baz", and "fooin" are not explicitly defined, which makes them difficult to understand. | X10: https://github.com/isselab/2025-models-prompt-engineering-results/blob/main/experiment_samples/cycle_1/prompt_entry_375.txt | AA10: =ABS(F10-M10) -> 1 | AB10: =ABS(G10-N10) -> 2 | AC10: =ABS(H10-O10) -> 1 | AD10: =ABS(I10-P10) -> 0 | AE10: =ABS(J10-Q10) -> 1
A11: entry_411 | B11: https://github.com/isselab/2025-models-prompt-engineering-results/blob/main/experiment_samples/cycle_1/mrq_entry_411.txt | C11: 1 | D11: =AVERAGE(E11, L11) -> 2.4 | E11: =AVERAGE(F11, G11, H11, I11, J11) -> 2.2 | F11: 1 | G11: 4 | H11: 1 | I11: 1 | J11: 4 | K11: R12, R15, R16 are not atomic. Not usable. Code references misunderstood and it makes the text look clumsy. Usability was poor; a mix of code and natural language | L11: =AVERAGE(M11, N11, O11, P11, Q11) -> 2.6 | M11: 2 | N11: 2 | O11: 4 | P11: 1 | Q11: 4 | R11: Some statements are not atomic, for example, R12. The different formats of the statements make it difficult to interpret the description of the requirements in natural language. I think the lack of standardization in the text can lead to ambiguity. It is possible to improve the readability of the requirements to enable non-technical users to understand the behavior captured. | S11: =AVERAGE(T11, V11) -> 3 | T11: 3 | V11: 3 | W11: The presentation is not organized and is hard to follow; consequently, the described behavior might be misinterpreted | X11: https://github.com/isselab/2025-models-prompt-engineering-results/blob/main/experiment_samples/cycle_1/prompt_entry_411.txt | AA11: =ABS(F11-M11) -> 1 | AB11: =ABS(G11-N11) -> 2 | AC11: =ABS(H11-O11) -> 3 | AD11: =ABS(I11-P11) -> 0 | AE11: =ABS(J11-Q11) -> 0
A12: entry_457 | B12: https://github.com/isselab/2025-models-prompt-engineering-results/blob/main/experiment_samples/cycle_1/mrq_entry_457.txt | C12: 1 | D12: =AVERAGE(E12, L12) -> 2.2 | E12: =AVERAGE(F12, G12, H12, I12, J12) -> 2 | F12: 1 | G12: 2 | H12: 3 | I12: 1 | J12: 3 | K12: R11 AND R12 atomicity issues. Also no code references included. "if impassable" sounds a little contradictory. Poor presentation | L12: =AVERAGE(M12, N12, O12, P12, Q12) -> 2.4 | M12: 2 | N12: 2 | O12: 4 | P12: 1 | Q12: 3 | R12: The wording mixes 'system' and 'vehicle'. Furthermore, requirements like R4, R11, and R12 should be broken down into atomic statements. It is possible to improve the readability of the requirements to enable non-technical users to understand the behavior captured. | S12: =AVERAGE(T12, V12) -> 3 | T12: 3 | V12: 3 | W12: The lack of standardization in the language used makes it difficult to validate their correctness. | X12: https://github.com/isselab/2025-models-prompt-engineering-results/blob/main/experiment_samples/cycle_1/prompt_entry_457.txt | AA12: =ABS(F12-M12) -> 1 | AB12: =ABS(G12-N12) -> 0 | AC12: =ABS(H12-O12) -> 1 | AD12: =ABS(I12-P12) -> 0 | AE12: =ABS(J12-Q12) -> 0
A13: entry_467 | B13: https://github.com/isselab/2025-models-prompt-engineering-results/blob/main/experiment_samples/cycle_1/mrq_entry_467.txt | C13: 1 | D13: =AVERAGE(E13, L13) -> 2.8 | E13: =AVERAGE(F13, G13, H13, I13, J13) -> 3 | F13: 3 | G13: 4 | H13: 3 | I13: 1 | J13: 4 | K13: "the object" instead of the robot. Code references that are not easily understandable. Poor presentation | L13: =AVERAGE(M13, N13, O13, P13, Q13) -> 2.6 | M13: 3 | N13: 2 | O13: 4 | P13: 1 | Q13: 3 | R13: The statements mix the words 'system', 'robot', 'vehicle', and 'manipulator'. It is possible to improve the readability of the requirements. I think some statements are not atomic, for example, R1 and R5. | S13: =AVERAGE(T13, V13) -> 3 | T13: 3 | V13: 3 | W13: The interpreted behavior is correct; however, mixing terminology can lead to misinterpretation (e.g., 'system', 'robot', 'vehicle', and 'manipulator'). | X13: https://github.com/isselab/2025-models-prompt-engineering-results/blob/main/experiment_samples/cycle_1/prompt_entry_467.txt | AA13: =ABS(F13-M13) -> 0 | AB13: =ABS(G13-N13) -> 2 | AC13: =ABS(H13-O13) -> 1 | AD13: =ABS(I13-P13) -> 0 | AE13: =ABS(J13-Q13) -> 1
A14: entry_540 | B14: https://github.com/isselab/2025-models-prompt-engineering-results/blob/main/experiment_samples/cycle_1/mrq_entry_540.txt | C14: 1 | D14: =AVERAGE(E14, L14) -> 2.8 | E14: =AVERAGE(F14, G14, H14, I14, J14) -> 2.8 | F14: 1 | G14: 4 | H14: 4 | I14: 1 | J14: 4 | K14: too much contextual info given. Minor ordering issue. Poorly presented. thus not usable | L14: =AVERAGE(M14, N14, O14, P14, Q14) -> 2.8 | M14: 4 | N14: 2 | O14: 4 | P14: 1 | Q14: 3 | R14: The description can be simplified in terms of technical detail. Redundant info make it long. | S14: =AVERAGE(T14, V14) -> 3 | T14: 2 | U14: key execution nuance missed in interpreting SequencStar | V14: 4 | X14: https://github.com/isselab/2025-models-prompt-engineering-results/blob/main/experiment_samples/cycle_1/prompt_entry_540.txt | AA14: =ABS(F14-M14) -> 3 | AB14: =ABS(G14-N14) -> 2 | AC14: =ABS(H14-O14) -> 0 | AD14: =ABS(I14-P14) -> 0 | AE14: =ABS(J14-Q14) -> 1
A15: Cycle 2
A16: entry_150 | B16: https://github.com/isselab/2025-models-prompt-engineering-results/blob/main/experiment_samples/cycle_2/mrq_entry_150.txt | C16: 4 | D16: =AVERAGE(E16, L16) -> 3.1 | E16: =AVERAGE(F16, G16, H16, I16, J16) -> 3 | F16: 2 | G16: 4 | H16: 4 | I16: 1 | J16: 4 | K16: Some statements are not atomic enough | L16: =AVERAGE(M16, N16, O16, P16, Q16) -> 3.2 | M16: 4 | N16: 3 | O16: 4 | P16: 1 | Q16: 4 | R16: It is possible to improve the readability of the requirements to enable users unambiguously understand the behavior captured | S16: =AVERAGE(T16, V16) -> 4 | T16: 4 | V16: 4 | X16: https://github.com/isselab/2025-models-prompt-engineering-results/blob/main/experiment_samples/cycle_2/prompt_entry_150.txt | AA16: =ABS(F16-M16) -> 2 | AB16: =ABS(G16-N16) -> 1 | AC16: =ABS(H16-O16) -> 0 | AD16: =ABS(I16-P16) -> 0 | AE16: =ABS(J16-Q16) -> 0
A17: entry_220 | B17: https://github.com/isselab/2025-models-prompt-engineering-results/blob/main/experiment_samples/cycle_2/mrq_entry_220.txt | C17: 5 | D17: =AVERAGE(E17, L17) -> 2.8 | E17: =AVERAGE(F17, G17, H17, I17, J17) -> 2.8 | F17: 3 | G17: 3 | H17: 3 | I17: 1 | J17: 4 | K17: Few statements like (Global Fallback Path Handling 6.) are not atomic, some terminilogies are ambiguous without prior context from an overview | L17: =AVERAGE(M17, N17, O17, P17, Q17) -> 2.8 | M17: 3 | N17: 2 | O17: 4 | P17: 1 | Q17: 4 | R17: The presentation is not organized and is hard to follow. It is possible to improve the readability of the requirements to enable users unambiguously understand the behavior captured. Some statements are not atomic (e.g. Lane Keeping State 4.) | S17: =AVERAGE(T17, V17) -> 3 | T17: 3 | U17: Some ambiguities in the sentence formulation may affect correctness slightly | V17: 3 | W17: The description could be improved to make the content clearer. | X17: https://github.com/isselab/2025-models-prompt-engineering-results/blob/main/experiment_samples/cycle_2/prompt_entry_220.txt | AA17: =ABS(F17-M17) -> 0 | AB17: =ABS(G17-N17) -> 1 | AC17: =ABS(H17-O17) -> 1 | AD17: =ABS(I17-P17) -> 0 | AE17: =ABS(J17-Q17) -> 0
A18: entry_272 | B18: https://github.com/isselab/2025-models-prompt-engineering-results/blob/main/experiment_samples/cycle_2/mrq_entry_272.txt | C18: 1 | D18: =AVERAGE(E18, L18) -> 3.1 | E18: =AVERAGE(F18, G18, H18, I18, J18) -> 3 | F18: 3 | G18: 4 | H18: 3 | I18: 1 | J18: 4 | K18: I think maybe MRQ2 can be decomposed into more than one atomic statement. The statement seems complex and loaded. Not very usable in sentence formulation and presentation. Incomplete without an overview | L18: =AVERAGE(M18, N18, O18, P18, Q18) -> 3.2 | M18: 4 | N18: 3 | O18: 4 | P18: 1 | Q18: 4 | R18: It is possible to improve the readability of the requirements to enable users unambiguously understand the behavior captured. | S18: =AVERAGE(T18, V18) -> 4 | T18: 4 | V18: 4 | X18: https://github.com/isselab/2025-models-prompt-engineering-results/blob/main/experiment_samples/cycle_2/prompt_entry_272.txt | AA18: =ABS(F18-M18) -> 1 | AB18: =ABS(G18-N18) -> 1 | AC18: =ABS(H18-O18) -> 1 | AD18: =ABS(I18-P18) -> 0 | AE18: =ABS(J18-Q18) -> 0
A19: entry_418 | B19: https://github.com/isselab/2025-models-prompt-engineering-results/blob/main/experiment_samples/cycle_2/mrq_entry_418.txt | C19: 1 | D19: =AVERAGE(E19, L19) -> 3.1 | E19: =AVERAGE(F19, G19, H19, I19, J19) -> 3.2 | F19: 3 | G19: 4 | H19: 4 | I19: 1 | J19: 4 | K19: Usability still a challenge | L19: =AVERAGE(M19, N19, O19, P19, Q19) -> 3 | M19: 3 | N19: 3 | O19: 4 | P19: 1 | Q19: 4 | R19: Some statements are not atomic (e.g. R22). It is possible to improve the readability of the requirements to enable users unambiguously understand the behavior captured. | S19: =AVERAGE(T19, V19) -> 4 | T19: 4 | V19: 4 | X19: https://github.com/isselab/2025-models-prompt-engineering-results/blob/main/experiment_samples/cycle_2/prompt_entry_418.txt | AA19: =ABS(F19-M19) -> 0 | AB19: =ABS(G19-N19) -> 1 | AC19: =ABS(H19-O19) -> 0 | AD19: =ABS(I19-P19) -> 0 | AE19: =ABS(J19-Q19) -> 0
A20: entry_451 | B20: https://github.com/isselab/2025-models-prompt-engineering-results/blob/main/experiment_samples/cycle_2/mrq_entry_451.txt | C20: 1 | D20: =AVERAGE(E20, L20) -> 2.8 | E20: =AVERAGE(F20, G20, H20, I20, J20) -> 2.6 | F20: 3 | G20: 2 | H20: 4 | I20: 1 | J20: 3 | K20: MRQ3 not atomic. Not very usable; highly technical tone. Remembrance in MRQ13 not round specific. "ends unsuccessfully" is quite ambiguous and contradictory. | L20: =AVERAGE(M20, N20, O20, P20, Q20) -> 3 | M20: 3 | N20: 3 | O20: 4 | P20: 1 | Q20: 4 | R20: It is possible to improve the readability of the requirements to enable users unambiguously understand the behavior captured. Some statements are not atomic (e.g. R3) | S20: =AVERAGE(T20, V20) -> 4 | T20: 4 | V20: 4 | X20: https://github.com/isselab/2025-models-prompt-engineering-results/blob/main/experiment_samples/cycle_2/prompt_entry_451.txt | AA20: =ABS(F20-M20) -> 0 | AB20: =ABS(G20-N20) -> 1 | AC20: =ABS(H20-O20) -> 0 | AD20: =ABS(I20-P20) -> 0 | AE20: =ABS(J20-Q20) -> 1
A21: entry_475 | B21: https://github.com/isselab/2025-models-prompt-engineering-results/blob/main/experiment_samples/cycle_2/mrq_entry_475.txt | C21: 1 | D21: =AVERAGE(E21, L21) -> 2.9 | E21: =AVERAGE(F21, G21, H21, I21, J21) -> 3 | F21: 4 | G21: 4 | H21: 3 | I21: 1 | J21: 3 | K21: Instances of SequenceStar vaguely described. Poor usability. "the Fallback continues to other children (none exist)"---contradiction | L21: =AVERAGE(M21, N21, O21, P21, Q21) -> 2.8 | M21: 4 | N21: 2 | O21: 3 | P21: 1 | Q21: 4 | R21: I didn't understand REQ19 (text "none exist"). Is this a modeling issue?: "19. If the SequenceStar inside the Fallback returns FAILURE, the Fallback continues to other children (none exist), resulting in FAILURE." It is possible to improve the readability of the requirements | S21: =AVERAGE(T21, V21) -> 4 | T21: 4 | V21: 4 | X21: https://github.com/isselab/2025-models-prompt-engineering-results/blob/main/experiment_samples/cycle_2/prompt_entry_475.txt | AA21: =ABS(F21-M21) -> 0 | AB21: =ABS(G21-N21) -> 2 | AC21: =ABS(H21-O21) -> 0 | AD21: =ABS(I21-P21) -> 0 | AE21: =ABS(J21-Q21) -> 1
A22: entry_50 | B22: https://github.com/isselab/2025-models-prompt-engineering-results/blob/main/experiment_samples/cycle_2/mrq_entry_50.txt | C22: 1 | D22: =AVERAGE(E22, L22) -> 3.2 | E22: =AVERAGE(F22, G22, H22, I22, J22) -> 3.2 | F22: 3 | G22: 4 | H22: 4 | I22: 2 | J22: 3 | K22: MRQ 5 &6 display a repeatition in behavior. No general context orvierview of BT behavior; These affect usability drastically. Requirements are quite technical. | L22: =AVERAGE(M22, N22, O22, P22, Q22) -> 3.2 | M22: 4 | N22: 2 | O22: 4 | P22: 2 | Q22: 4 | R22: It is possible to improve the readability of the requirements to enable users unambiguously understand the behavior captured | S22: =AVERAGE(T22, V22) -> 4 | T22: 4 | V22: 4 | X22: https://github.com/isselab/2025-models-prompt-engineering-results/blob/main/experiment_samples/cycle_2/prompt_entry_50.txt | AA22: =ABS(F22-M22) -> 1 | AB22: =ABS(G22-N22) -> 2 | AC22: =ABS(H22-O22) -> 0 | AD22: =ABS(I22-P22) -> 0 | AE22: =ABS(J22-Q22) -> 1
A23: entry_511 | B23: https://github.com/isselab/2025-models-prompt-engineering-results/blob/main/experiment_samples/cycle_2/mrq_entry_511.txt | C23: 1 | D23: =AVERAGE(E23, L23) -> 2.8 | E23: =AVERAGE(F23, G23, H23, I23, J23) -> 2.6 | F23: 3 | G23: 3 | H23: 2 | I23: 2 | J23: 3 | K23: MRQ9 and MRQ17 are both ambiguous. both use the phrase "repeating as necessary" with no maximum iteration count or guard condition. Only mrqs 3, 5, 11, 13, 19, 22 are truly atomic. Mostly consistent aside a couple of consistency issues | L23: =AVERAGE(M23, N23, O23, P23, Q23) -> 3 | M23: 4 | N23: 2 | O23: 4 | P23: 1 | Q23: 4 | R23: Very technical terms are being used. Understandability could be improved for non-technical stakeholders. | S23: =AVERAGE(T23, V23) -> 3.5 | T23: 3 | U23: "repeating as necessary" phrase lacks precision | V23: 4 | X23: https://github.com/isselab/2025-models-prompt-engineering-results/blob/main/experiment_samples/cycle_2/prompt_entry_511.txt | AA23: =ABS(F23-M23) -> 1 | AB23: =ABS(G23-N23) -> 1 | AC23: =ABS(H23-O23) -> 2 | AD23: =ABS(I23-P23) -> 1 | AE23: =ABS(J23-Q23) -> 1
A24: entry_529 | B24: https://github.com/isselab/2025-models-prompt-engineering-results/blob/main/experiment_samples/cycle_2/mrq_entry_529.txt | C24: 1 | D24: =AVERAGE(E24, L24) -> 3 | E24: =AVERAGE(F24, G24, H24, I24, J24) -> 2.8 | F24: 3 | G24: 2 | H24: 3 | I24: 2 | J24: 4 | K24: Apart from MRRQ2 and 7 which are strongly atomic, the rest are moderately atomic. Ambiguity points: "1.0" has not unit. Does "halt" cancel execution or return failure or both? wait doesnt specify if its infinity or timed. MRQ 1 lacks the specific actions that should be executed. | L24: =AVERAGE(M24, N24, O24, P24, Q24) -> 3.2 | M24: 4 | N24: 2 | O24: 4 | P24: 2 | Q24: 4 | R24: It is possible to improve the readability of the requirements to enable users unambiguously understand the behavior captured | S24: =AVERAGE(T24, V24) -> 3.5 | T24: 3 | U24: ambiguity points stated impact correctness score | V24: 4 | X24: https://github.com/isselab/2025-models-prompt-engineering-results/blob/main/experiment_samples/cycle_2/prompt_entry_529.txt | AA24: =ABS(F24-M24) -> 1 | AB24: =ABS(G24-N24) -> 0 | AC24: =ABS(H24-O24) -> 1 | AD24: =ABS(I24-P24) -> 0 | AE24: =ABS(J24-Q24) -> 0
A25: entry_531 | B25: https://github.com/isselab/2025-models-prompt-engineering-results/blob/main/experiment_samples/cycle_2/mrq_entry_531.txt | C25: 1 | D25: =AVERAGE(E25, L25) -> 2.8 | E25: =AVERAGE(F25, G25, H25, I25, J25) -> 2.8 | F25: 3 | G25: 3 | H25: 3 | I25: 2 | J25: 3 | K25: MRQ9 could be split into subs. "is needed" is ambiguous and implicit (how that is determined, not specified). "specified smoother" (MRQ8) is too vague. round-robin is described implicitly. MRQ12 is not usable and describes a behavior that is not found in visualizer; reactivity seems like a full retry | L25: =AVERAGE(M25, N25, O25, P25, Q25) -> 2.8 | M25: 3 | N25: 2 | O25: 4 | P25: 1 | Q25: 4 | R25: Some statements are not atomic, for example, R6. In general, the requirements are not easy to understand; for example, R6, R9, R11, and R14 are particularly technical. My suggestion is to make them less technical. | S25: =AVERAGE(T25, V25) -> 3.5 | T25: 3 | U25: Some of the quality discrepancies detected impact the correctness of the description | V25: 4 | X25: https://github.com/isselab/2025-models-prompt-engineering-results/blob/main/experiment_samples/cycle_2/prompt_entry_531.txt | AA25: =ABS(F25-M25) -> 0 | AB25: =ABS(G25-N25) -> 1 | AC25: =ABS(H25-O25) -> 1 | AD25: =ABS(I25-P25) -> 1 | AE25: =ABS(J25-Q25) -> 1
A26: Cycle 3
A27: entry_58 | B27: https://github.com/isselab/2025-models-prompt-engineering-results/blob/main/experiment_samples/cycle_3/mrq_entry_58.txt | C27: 3 | D27: =AVERAGE(E27, L27) -> 3.2 | E27: =AVERAGE(F27, G27, H27, I27, J27) -> 3.2 | F27: 4 | G27: 3 | H27: 3 | I27: 2 | J27: 4 | K27: A few phrases lack precision:"Wait until go1/go2 completes","Report mission failure". Running status not covered. Req 1 uses the word "sequence" but the actual logic could be percieved as conditional branching i.e. not wrong, but slightly misleadingmisleading. | L27: =AVERAGE(M27, N27, O27, P27, Q27) -> 3.2 | M27: 4 | N27: 3 | O27: 3 | P27: 2 | Q27: 4 | R27: This description does not include details about go1 and go2. This affects completeness. It is possible to improve the readability of the requirements to enable users unambiguously understand the behavior captured | S27: =AVERAGE(T27, V27) -> 4 | T27: 4 | V27: 4 | X27: https://github.com/isselab/2025-models-prompt-engineering-results/blob/main/experiment_samples/cycle_3/prompt_entry_58.txt | AA27: =ABS(F27-M27) -> 0 | AB27: =ABS(G27-N27) -> 0 | AC27: =ABS(H27-O27) -> 0 | AD27: =ABS(I27-P27) -> 0 | AE27: =ABS(J27-Q27) -> 0
A28: entry_77 | B28: https://github.com/isselab/2025-models-prompt-engineering-results/blob/main/experiment_samples/cycle_3/mrq_entry_77.txt | C28: 1 | D28: =AVERAGE(E28, L28) -> 2.8 | E28: =AVERAGE(F28, G28, H28, I28, J28) -> 2.6 | F28: 3 | G28: 3 | H28: 3 | I28: 1 | J28: 3 | K28: MRQ8 can be split into a main and sub. MRQ7: "stop the current sequence and terminate the current cycle";oes terminating a cycle mean the mission proceeds to the next cycle, or halts entirely?Its also not clear what a cycle is. Sounds very technical and presentation makes readability slightly difficult. "Three complete cycles" (MRQ1), "three successfully executed" (MRQ8), and "three successful cycles" (MRQ9) all phrase the same condition differently, introducing subtle interpretive risk. | L28: =AVERAGE(M28, N28, O28, P28, Q28) -> 3 | M28: 3 | N28: 3 | O28: 4 | P28: 1 | Q28: 4 | R28: Very technical terms are being used. Understandability could be improved for non-technical stakeholders. R8 is not atomic. | S28: =AVERAGE(T28, V28) -> 3.5 | T28: 3 | U28: Interpretation risk in 8 and 9 dents the correctness a bit | V28: 4 | X28: https://github.com/isselab/2025-models-prompt-engineering-results/blob/main/experiment_samples/cycle_3/prompt_entry_77.txt | AA28: =ABS(F28-M28) -> 0 | AB28: =ABS(G28-N28) -> 0 | AC28: =ABS(H28-O28) -> 1 | AD28: =ABS(I28-P28) -> 0 | AE28: =ABS(J28-Q28) -> 1
A29: entry_92 | B29: https://github.com/isselab/2025-models-prompt-engineering-results/blob/main/experiment_samples/cycle_3/mrq_entry_92.txt | C29: 1 | D29: =AVERAGE(E29, L29) -> 3 | E29: =AVERAGE(F29, G29, H29, I29, J29) -> 3.2 | F29: 3 | G29: 4 | H29: 3 | I29: 2 | J29: 4 | K29: MRQ29 can be reforemulated into two requirements. No timeout policy for continuously evaluated conditions. Any and all not used consistently. Usability level not strong enough to realsie mission in detail. | L29: =AVERAGE(M29, N29, O29, P29, Q29) -> 2.8 | M29: 3 | N29: 3 | O29: 4 | P29: 1 | Q29: 3 | R29: The output may be simplified. Redundant rules for similar behaviors could be optimized. R29 and R33 are not atomic. It is possible to improve the readability of the requirements to enable users unambiguously understand the behavior captured | S29: =AVERAGE(T29, V29) -> 4 | T29: 4 | V29: 4 | X29: https://github.com/isselab/2025-models-prompt-engineering-results/blob/main/experiment_samples/cycle_3/prompt_entry_92.txt | AA29: =ABS(F29-M29) -> 0 | AB29: =ABS(G29-N29) -> 1 | AC29: =ABS(H29-O29) -> 1 | AD29: =ABS(I29-P29) -> 1 | AE29: =ABS(J29-Q29) -> 1
A30: entry_124 | B30: https://github.com/isselab/2025-models-prompt-engineering-results/blob/main/experiment_samples/cycle_3/mrq_entry_124.txt | C30: 5 | D30: =AVERAGE(E30, L30) -> 2.9 | E30: =AVERAGE(F30, G30, H30, I30, J30) -> 2.8 | F30: 4 | G30: 3 | H30: 2 | I30: 1 | J30: 4 | K30: Repetition is specified in categorised list heading instead of being fused into description. Failure state handing (11-28) not addressed. | L30: =AVERAGE(M30, N30, O30, P30, Q30) -> 3 | M30: 4 | N30: 2 | O30: 4 | P30: 1 | Q30: 4 | R30: Very technical terms are being used. Understandability could be improved for non-technical stakeholders. | S30: =AVERAGE(T30, V30) -> 3.5 | T30: 3 | U30: Some execution states are not mentioned but implied and left to user interpretation so this could be interpreted as incomplete and imprecise | V30: 4 | X30: https://github.com/isselab/2025-models-prompt-engineering-results/blob/main/experiment_samples/cycle_3/prompt_entry_124.txt | AA30: =ABS(F30-M30) -> 0 | AB30: =ABS(G30-N30) -> 1 | AC30: =ABS(H30-O30) -> 2 | AD30: =ABS(I30-P30) -> 0 | AE30: =ABS(J30-Q30) -> 0
A31: entry_155 | B31: https://github.com/isselab/2025-models-prompt-engineering-results/blob/main/experiment_samples/cycle_3/mrq_entry_155.txt | C31: 1 | D31: =AVERAGE(E31, L31) -> 3.4 | E31: =AVERAGE(F31, G31, H31, I31, J31) -> 3.6 | F31: 4 | G31: 3 | H31: 4 | I31: 3 | J31: 4 | K31: The phrase "Wait until the action completes before proceeding" sounds ambiguous | L31: =AVERAGE(M31, N31, O31, P31, Q31) -> 3.2 | M31: 4 | N31: 2 | O31: 4 | P31: 2 | Q31: 4 | R31: Usability can be improved for non-technical stakeholders. I think improving readability can prevent ambiguities. | S31: =AVERAGE(T31, V31) -> 4 | T31: 4 | V31: 4 | X31: https://github.com/isselab/2025-models-prompt-engineering-results/blob/main/experiment_samples/cycle_3/prompt_entry_155.txt | AA31: =ABS(F31-M31) -> 0 | AB31: =ABS(G31-N31) -> 1 | AC31: =ABS(H31-O31) -> 0 | AD31: =ABS(I31-P31) -> 1 | AE31: =ABS(J31-Q31) -> 0
A32: entry_248 | B32: https://github.com/isselab/2025-models-prompt-engineering-results/blob/main/experiment_samples/cycle_3/mrq_entry_248.txt | C32: 5 | D32: =AVERAGE(E32, L32) -> 2.6 | E32: =AVERAGE(F32, G32, H32, I32, J32) -> 2.6 | F32: 3 | G32: 3 | H32: 3 | I32: 1 | J32: 3 | K32: MRQ3,16,21 can be split into multiple sentences. MRQ22: "restart the sequence from the first action"; contradicts SequenceStar behavior. MRQ24 retry count comes off as ambiguous. Is the initial try part of the six retries? | L32: =AVERAGE(M32, N32, O32, P32, Q32) -> 2.6 | M32: 3 | N32: 2 | O32: 4 | P32: 1 | Q32: 3 | R32: "complete the mission" in R25 and "terminate the mission" in R26 seem to be the same thing, but they are not. I think this can lead to ambiguity. R21 can be rearranged in terms of atomicity. This matches BT entry_418 (Cycle 2); however, the description of the requirements has been refined | S32: =AVERAGE(T32, V32) -> 4 | T32: 4 | V32: 4 | X32: https://github.com/isselab/2025-models-prompt-engineering-results/blob/main/experiment_samples/cycle_3/prompt_entry_248.txt | AA32: =ABS(F32-M32) -> 0 | AB32: =ABS(G32-N32) -> 1 | AC32: =ABS(H32-O32) -> 1 | AD32: =ABS(I32-P32) -> 0 | AE32: =ABS(J32-Q32) -> 0
A33: entry_256 | B33: https://github.com/isselab/2025-models-prompt-engineering-results/blob/main/experiment_samples/cycle_3/mrq_entry_256.txt | C33: 1 | D33: =AVERAGE(E33, L33) -> 3.1 | E33: =AVERAGE(F33, G33, H33, I33, J33) -> 3.2 | F33: 4 | G33: 3 | H33: 3 | I33: 2 | J33: 4 | K33: does the mission then proceed to the next cycle, or does it abort all remaining cycles when it terminates sequence execution for that cycle?; A bit of ambiguity there | L33: =AVERAGE(M33, N33, O33, P33, Q33) -> 3 | M33: 3 | N33: 3 | O33: 4 | P33: 1 | Q33: 4 | R33: "inout ports" in R11 can be rewritten as "in/out ports". R11 is not atomic. Very technical terms are being used. Understandability could be improved for non-technical stakeholders. | S33: =AVERAGE(T33, V33) -> 4 | T33: 4 | V33: 4 | X33: https://github.com/isselab/2025-models-prompt-engineering-results/blob/main/experiment_samples/cycle_3/prompt_entry_256.txt | AA33: =ABS(F33-M33) -> 1 | AB33: =ABS(G33-N33) -> 0 | AC33: =ABS(H33-O33) -> 1 | AD33: =ABS(I33-P33) -> 1 | AE33: =ABS(J33-Q33) -> 0
A34: entry_345 | B34: https://github.com/isselab/2025-models-prompt-engineering-results/blob/main/experiment_samples/cycle_3/mrq_entry_345.txt | C34: 1 | D34: =AVERAGE(E34, L34) -> 3.2 | E34: =AVERAGE(F34, G34, H34, I34, J34) -> 3.2 | F34: 4 | G34: 4 | H34: 3 | I34: 1 | J34: 4 | K34: Presentation hampers readability and understandability to a significant extent | L34: =AVERAGE(M34, N34, O34, P34, Q34) -> 3.2 | M34: 4 | N34: 3 | O34: 4 | P34: 1 | Q34: 4 | R34: R2, R5, R8 and R11 are difficult to understand. Maybe we could reorganize them. It is possible to improve the readability of the requirements to enable users unambiguously understand the behavior captured | S34: =AVERAGE(T34, V34) -> 4 | T34: 4 | V34: 4 | X34: https://github.com/isselab/2025-models-prompt-engineering-results/blob/main/experiment_samples/cycle_3/prompt_entry_345.txt | AA34: =ABS(F34-M34) -> 0 | AB34: =ABS(G34-N34) -> 1 | AC34: =ABS(H34-O34) -> 1 | AD34: =ABS(I34-P34) -> 0 | AE34: =ABS(J34-Q34) -> 0
A35: entry_380 | B35: https://github.com/isselab/2025-models-prompt-engineering-results/blob/main/experiment_samples/cycle_3/mrq_entry_380.txt | C35: 1 | D35: =AVERAGE(E35, L35) -> 3.2 | E35: =AVERAGE(F35, G35, H35, I35, J35) -> 3.4 | F35: 4 | G35: 4 | H35: 4 | I35: 2 | J35: 3 | K35: MRQ6 is redundant. MRQ4 and 8 overlap. Seems readable and undestandable. Some strict details are missing but it doesnt hamper reproducibility | L35: =AVERAGE(M35, N35, O35, P35, Q35) -> 3 | M35: 4 | N35: 3 | O35: 2 | P35: 2 | Q35: 4 | R35: The parameters "barout", "baz", and "fooin" were omitted. This BT is very similar to entry_375 (Cycle 1). Usability can be improved for non-technical stakeholders. I think improving readability can prevent ambiguities | S35: =AVERAGE(T35, V35) -> 3 | T35: 3 | U35: Lack of hard parameters makes the correctness a bit fuzzy. | V35: 3 | W35: It describes the expected behavior, but the parameters "barout", "baz", and "fooin" were omitted. | X35: https://github.com/isselab/2025-models-prompt-engineering-results/blob/main/experiment_samples/cycle_3/prompt_entry_380.txt | AA35: =ABS(F35-M35) -> 0 | AB35: =ABS(G35-N35) -> 1 | AC35: =ABS(H35-O35) -> 2 | AD35: =ABS(I35-P35) -> 0 | AE35: =ABS(J35-Q35) -> 1
A36: entry_552 | B36: https://github.com/isselab/2025-models-prompt-engineering-results/blob/main/experiment_samples/cycle_3/mrq_entry_552.txt | C36: 1 | D36: =AVERAGE(E36, L36) -> 3.2 | E36: =AVERAGE(F36, G36, H36, I36, J36) -> 3.4 | F36: 4 | G36: 3 | H36: 4 | I36: 2 | J36: 4 | K36: A few redundant phrases and expressions. Some expressions might not be interpreted precisely | L36: =AVERAGE(M36, N36, O36, P36, Q36) -> 3 | M36: 3 | N36: 3 | O36: 3 | P36: 2 | Q36: 4 | R36: Some requirements are hard to understand without context or more details. For instance, in R6, "mark them as unoccupied' is vague, and 'loci' seems like technical jargon. RQ6 (1-5) can be rearranged in terms of atomicity. | S36: =AVERAGE(T36, V36) -> 4 | T36: 4 | V36: 4 | X36: https://github.com/isselab/2025-models-prompt-engineering-results/blob/main/experiment_samples/cycle_3/prompt_entry_552.txt | AA36: =ABS(F36-M36) -> 1 | AB36: =ABS(G36-N36) -> 0 | AC36: =ABS(H36-O36) -> 1 | AD36: =ABS(I36-P36) -> 0 | AE36: =ABS(J36-Q36) -> 0
A37: Cycle 4
A38: entry_32 | B38: https://github.com/isselab/2025-models-prompt-engineering-results/blob/main/experiment_samples/cycle_4/mrq_entry_32.txt | C38: 4 | D38: =AVERAGE(E38, L38) -> 3.4 | E38: =AVERAGE(F38, G38, H38, I38, J38) -> 3.4 | F38: 3 | G38: 3 | H38: 4 | I38: 4 | J38: 3 | K38: Mission scope kept narrow and concise. Slight tradeoff of atomicity for fluency. More noticable fluency. "before proceeding" could me misinterpreted to mean other actions exist, slighly contadicting the last statement. | L38: =AVERAGE(M38, N38, O38, P38, Q38) -> 3.4 | M38: 4 | N38: 3 | O38: 4 | P38: 3 | Q38: 3 | R38: In the third sentence, "...wait for it to finish before proceeding." contradicts "a single-step mission". There is no other step. | S38: =AVERAGE(T38, V38) -> 4 | T38: 4 | V38: 4 | X38: https://github.com/isselab/2025-models-prompt-engineering-results/blob/main/experiment_samples/cycle_4/prompt_entry_32.txt | AA38: =ABS(F38-M38) -> 1 | AB38: =ABS(G38-N38) -> 0 | AC38: =ABS(H38-O38) -> 0 | AD38: =ABS(I38-P38) -> 1 | AE38: =ABS(J38-Q38) -> 0
A39: entry_41 | B39: https://github.com/isselab/2025-models-prompt-engineering-results/blob/main/experiment_samples/cycle_4/mrq_entry_41.txt | C39: 2 | D39: =AVERAGE(E39, L39) -> 3.5 | E39: =AVERAGE(F39, G39, H39, I39, J39) -> 3.6 | F39: 3 | G39: 4 | H39: 3 | I39: 4 | J39: 4 | K39: Slight tradeoff of atomicity for fluency. Succinctness in understadability make minor aspects of completeness more implicit(i.e failure of sequence actions) | L39: =AVERAGE(M39, N39, O39, P39, Q39) -> 3.4 | M39: 3 | N39: 3 | O39: 4 | P39: 3 | Q39: 4 | R39: The second sentence is a bit ambiguous: "...stop the sequence if any action fails or is still running.". Maybe: "will wait if an action is still running". I suggest splitting it for better clarity. | S39: =AVERAGE(T39, V39) -> 4 | T39: 4 | V39: 4 | X39: https://github.com/isselab/2025-models-prompt-engineering-results/blob/main/experiment_samples/cycle_4/prompt_entry_41.txt | AA39: =ABS(F39-M39) -> 0 | AB39: =ABS(G39-N39) -> 1 | AC39: =ABS(H39-O39) -> 1 | AD39: =ABS(I39-P39) -> 1 | AE39: =ABS(J39-Q39) -> 0
A40: entry_194 | B40: https://github.com/isselab/2025-models-prompt-engineering-results/blob/main/experiment_samples/cycle_4/mrq_entry_194.txt | C40: 2 | D40: =AVERAGE(E40, L40) -> 4 | E40: =AVERAGE(F40, G40, H40, I40, J40) -> 4 | F40: 4 | G40: 4 | H40: 4 | I40: 4 | J40: 4 | L40: =AVERAGE(M40, N40, O40, P40, Q40) -> 4 | M40: 4 | N40: 4 | O40: 4 | P40: 4 | Q40: 4 | S40: =AVERAGE(T40, V40) -> 4 | T40: 4 | V40: 4 | X40: https://github.com/isselab/2025-models-prompt-engineering-results/blob/main/experiment_samples/cycle_4/prompt_entry_194.txt | AA40: =ABS(F40-M40) -> 0 | AB40: =ABS(G40-N40) -> 0 | AC40: =ABS(H40-O40) -> 0 | AD40: =ABS(I40-P40) -> 0 | AE40: =ABS(J40-Q40) -> 0
A41: entry_321 | B41: https://github.com/isselab/2025-models-prompt-engineering-results/blob/main/experiment_samples/cycle_4/mrq_entry_321.txt | C41: 2 | D41: =AVERAGE(E41, L41) -> 2.9 | E41: =AVERAGE(F41, G41, H41, I41, J41) -> 3 | F41: 3 | G41: 4 | H41: 2 | I41: 2 | J41: 4 | K41: conditional sequence was poorly interpreted, leaving many questions to be answered. | L41: =AVERAGE(M41, N41, O41, P41, Q41) -> 2.8 | M41: 3 | N41: 3 | O41: 2 | P41: 2 | Q41: 4 | R41: The mission requirements lack clarity and completeness in terms of the conditional sequence. This, combined with long sentence structures, makes them difficult to follow. | S41: =AVERAGE(T41, V41) -> 3.5 | T41: 4 | V41: 3 | W41: The description of the conditional sequence could be more detailed. | X41: https://github.com/isselab/2025-models-prompt-engineering-results/blob/main/experiment_samples/cycle_4/prompt_entry_321.txt | AA41: =ABS(F41-M41) -> 0 | AB41: =ABS(G41-N41) -> 1 | AC41: =ABS(H41-O41) -> 0 | AD41: =ABS(I41-P41) -> 0 | AE41: =ABS(J41-Q41) -> 0
A42: entry_376 | B42: https://github.com/isselab/2025-models-prompt-engineering-results/blob/main/experiment_samples/cycle_4/mrq_entry_376.txt | C42: 1 | D42: =AVERAGE(E42, L42) -> 3.1 | E42: =AVERAGE(F42, G42, H42, I42, J42) -> 3.2 | F42: 3 | G42: 3 | H42: 4 | I42: 3 | J42: 3 | K42: Formulation of repeat decorator not clear. 4th sentence (parallel execution) is very loaded and unatamic. A lot of redundancy in parallel execution breakdown. | L42: =AVERAGE(M42, N42, O42, P42, Q42) -> 3 | M42: 3 | N42: 3 | O42: 4 | P42: 2 | Q42: 3 | R42: "Repeat a set number of times or infinitely by running its child actions a set number of times for 100 cycles" in the third sentence is not clear and consistent. The fourth sentence is long. The last two sentences seem redundant. | S42: =AVERAGE(T42, V42) -> 4 | T42: 4 | V42: 4 | X42: https://github.com/isselab/2025-models-prompt-engineering-results/blob/main/experiment_samples/cycle_4/prompt_entry_376.txt | AA42: =ABS(F42-M42) -> 0 | AB42: =ABS(G42-N42) -> 0 | AC42: =ABS(H42-O42) -> 0 | AD42: =ABS(I42-P42) -> 1 | AE42: =ABS(J42-Q42) -> 0
A43: entry_402 | B43: https://github.com/isselab/2025-models-prompt-engineering-results/blob/main/experiment_samples/cycle_4/mrq_entry_402.txt | C43: 1 | D43: =AVERAGE(E43, L43) -> 3.3 | E43: =AVERAGE(F43, G43, H43, I43, J43) -> 3.4 | F43: 2 | G43: 4 | H43: 4 | I43: 3 | J43: 4 | K43: The output has highly technical aspects that make it a bit difficult to understand on the first read. The mission is a bit complex so describing sentences are longer than average. | L43: =AVERAGE(M43, N43, O43, P43, Q43) -> 3.2 | M43: 2 | N43: 4 | O43: 4 | P43: 2 | Q43: 4 | R43: Some sentences are long, and some of the requirements are very technical. | S43: =AVERAGE(T43, V43) -> 4 | T43: 4 | V43: 4 | X43: https://github.com/isselab/2025-models-prompt-engineering-results/blob/main/experiment_samples/cycle_4/prompt_entry_402.txt | AA43: =ABS(F43-M43) -> 0 | AB43: =ABS(G43-N43) -> 0 | AC43: =ABS(H43-O43) -> 0 | AD43: =ABS(I43-P43) -> 1 | AE43: =ABS(J43-Q43) -> 0
A44: entry_435 | B44: https://github.com/isselab/2025-models-prompt-engineering-results/blob/main/experiment_samples/cycle_4/mrq_entry_435.txt | C44: 1 | D44: =AVERAGE(E44, L44) -> 3.1 | E44: =AVERAGE(F44, G44, H44, I44, J44) -> 3 | F44: 3 | G44: 3 | H44: 3 | I44: 2 | J44: 4 | K44: The subject referenced throughout the text is inaccurate. This introduces a little ambiguity. FallbackStar description is not clear | L44: =AVERAGE(M44, N44, O44, P44, Q44) -> 3.2 | M44: 3 | N44: 3 | O44: 3 | P44: 3 | Q44: 4 | R44: The inferences are inaccurate. I am not sure if the inferred mission overview is correct | S44: =AVERAGE(T44, V44) -> 3 | T44: 3 | U44: Incorrect subject reference in mission | V44: 3 | W44: The inferred mission overview seems incorrect | X44: https://github.com/isselab/2025-models-prompt-engineering-results/blob/main/experiment_samples/cycle_4/prompt_entry_435.txt | AA44: =ABS(F44-M44) -> 0 | AB44: =ABS(G44-N44) -> 0 | AC44: =ABS(H44-O44) -> 0 | AD44: =ABS(I44-P44) -> 1 | AE44: =ABS(J44-Q44) -> 0
A45: entry_440 | B45: https://github.com/isselab/2025-models-prompt-engineering-results/blob/main/experiment_samples/cycle_4/mrq_entry_440.txt | C45: 1 | D45: =AVERAGE(E45, L45) -> 2.9 | E45: =AVERAGE(F45, G45, H45, I45, J45) -> 2.8 | F45: 4 | G45: 2 | H45: 2 | I45: 2 | J45: 4 | K45: "a very large number of times"-ambiguos phrase in the beginning with affect reconstruction since its the main branch owhich the remaining logic is built on | L45: =AVERAGE(M45, N45, O45, P45, Q45) -> 3 | M45: 4 | N45: 2 | O45: 3 | P45: 2 | Q45: 4 | R45: The second sentence is not precise: "a very large number of times". It is possible to improve the readability of the requirements | S45: =AVERAGE(T45, V45) -> 3.5 | T45: 4 | V45: 3 | W45: Repeat num_cycles="9999" not clearly described | X45: https://github.com/isselab/2025-models-prompt-engineering-results/blob/main/experiment_samples/cycle_4/prompt_entry_440.txt | AA45: =ABS(F45-M45) -> 0 | AB45: =ABS(G45-N45) -> 0 | AC45: =ABS(H45-O45) -> 1 | AD45: =ABS(I45-P45) -> 0 | AE45: =ABS(J45-Q45) -> 0
A46: entry_485 | B46: https://github.com/isselab/2025-models-prompt-engineering-results/blob/main/experiment_samples/cycle_4/mrq_entry_485.txt | C46: 1 | D46: =AVERAGE(E46, L46) -> 3.7 | E46: =AVERAGE(F46, G46, H46, I46, J46) -> 3.6 | F46: 4 | G46: 3 | H46: 4 | I46: 3 | J46: 4 | K46: "The robot will then execute a Parallel" instead of "The robot will executed the following in parallel". Could lead to misinterpretating depending on skill level and familiarity with BTs | L46: =AVERAGE(M46, N46, O46, P46, Q46) -> 3.8 | M46: 4 | N46: 4 | O46: 4 | P46: 3 | Q46: 4 | R46: The parallel behavior is presented repeatedly throughout the text. Maybe the description could be optimized to improve readability. | S46: =AVERAGE(T46, V46) -> 3 | T46: 2 | U46: repeat action doesnt have concrete number of cycles stated and since everything in the tree depends on this, it affects the correct interpretation from the top | V46: 4 | X46: https://github.com/isselab/2025-models-prompt-engineering-results/blob/main/experiment_samples/cycle_4/prompt_entry_485.txt | AA46: =ABS(F46-M46) -> 0 | AB46: =ABS(G46-N46) -> 1 | AC46: =ABS(H46-O46) -> 0 | AD46: =ABS(I46-P46) -> 0 | AE46: =ABS(J46-Q46) -> 0
A47: entry_566 | B47: https://github.com/isselab/2025-models-prompt-engineering-results/blob/main/experiment_samples/cycle_4/mrq_entry_566.txt | C47: 1 | D47: =AVERAGE(E47, L47) -> 3.4 | E47: =AVERAGE(F47, G47, H47, I47, J47) -> 3.4 | F47: 4 | G47: 3 | H47: 4 | I47: 2 | J47: 4 | K47: Lack of paragraph separation impacts usability greatly. First fallback after first sequence not explained clearly-"and will move on only if it succeeds" is misleading. Las 3 sentences contain some behavior redundancies. | L47: =AVERAGE(M47, N47, O47, P47, Q47) -> 3.4 | M47: 3 | N47: 4 | O47: 4 | P47: 2 | Q47: 4 | R47: The beginning of the sentences is repetitive: "The robot will...". The text is difficult to follow. My suggestion is to use paragraphs. | S47: =AVERAGE(T47, V47) -> 4 | T47: 4 | V47: 4 | X47: https://github.com/isselab/2025-models-prompt-engineering-results/blob/main/experiment_samples/cycle_4/prompt_entry_566.txt | AA47: =ABS(F47-M47) -> 1 | AB47: =ABS(G47-N47) -> 1 | AC47: =ABS(H47-O47) -> 0 | AD47: =ABS(I47-P47) -> 0 | AE47: =ABS(J47-Q47) -> 0
A48: Cycle 5
A49: entry_89 | B49: https://github.com/isselab/2025-models-prompt-engineering-results/blob/main/experiment_samples/cycle_5/mrq_entry_89.txt | C49: 5 | D49: =AVERAGE(E49, L49) -> 3.9 | E49: =AVERAGE(F49, G49, H49, I49, J49) -> 3.8 | F49: 3 | G49: 4 | H49: 4 | I49: 4 | J49: 4 | K49: 3rd statement not fully atomic. | L49: =AVERAGE(M49, N49, O49, P49, Q49) -> 4 | M49: 4 | N49: 4 | O49: 4 | P49: 4 | Q49: 4 | S49: =AVERAGE(T49, V49) -> 4 | T49: 4 | V49: 4 | X49: https://github.com/isselab/2025-models-prompt-engineering-results/blob/main/experiment_samples/cycle_5/prompt_entry_89.txt | AA49: =ABS(F49-M49) -> 1 | AB49: =ABS(G49-N49) -> 0 | AC49: =ABS(H49-O49) -> 0 | AD49: =ABS(I49-P49) -> 0 | AE49: =ABS(J49-Q49) -> 0
A50: entry_108 | B50: https://github.com/isselab/2025-models-prompt-engineering-results/blob/main/experiment_samples/cycle_5/mrq_entry_108.txt | C50: 3 | D50: =AVERAGE(E50, L50) -> 3.8 | E50: =AVERAGE(F50, G50, H50, I50, J50) -> 3.8 | F50: 4 | G50: 4 | H50: 4 | I50: 3 | J50: 4 | K50: Its usable but not unrestrained usability. | L50: =AVERAGE(M50, N50, O50, P50, Q50) -> 3.8 | M50: 4 | N50: 4 | O50: 4 | P50: 3 | Q50: 4 | R50: Non-technical stakeholders may have difficulty understanding the requirements. | S50: =AVERAGE(T50, V50) -> 4 | T50: 4 | V50: 4 | X50: https://github.com/isselab/2025-models-prompt-engineering-results/blob/main/experiment_samples/cycle_5/prompt_entry_108.txt | AA50: =ABS(F50-M50) -> 0 | AB50: =ABS(G50-N50) -> 0 | AC50: =ABS(H50-O50) -> 0 | AD50: =ABS(I50-P50) -> 0 | AE50: =ABS(J50-Q50) -> 0
A51: entry_109 | B51: https://github.com/isselab/2025-models-prompt-engineering-results/blob/main/experiment_samples/cycle_5/mrq_entry_109.txt | C51: 1 | D51: =AVERAGE(E51, L51) -> 3.6 | E51: =AVERAGE(F51, G51, H51, I51, J51) -> 3.6 | F51: 4 | G51: 3 | H51: 4 | I51: 4 | J51: 3 | K51: "the custom action Repeat "-inconsistency: "Repeat" is not a custom action, its a controller. Last two statements contradict each other a bit. | L51: =AVERAGE(M51, N51, O51, P51, Q51) -> 3.6 | M51: 4 | N51: 3 | O51: 4 | P51: 4 | Q51: 3 | R51: The last two sentences are contradictory. The sentence "execute the following actions (the custom action NavigateToAction, the custom action NavigateToAction) " is ambiguous, seeming redundant on first reading. | S51: =AVERAGE(T51, V51) -> 4 | T51: 4 | V51: 4 | X51: https://github.com/isselab/2025-models-prompt-engineering-results/blob/main/experiment_samples/cycle_5/prompt_entry_109.txt | AA51: =ABS(F51-M51) -> 0 | AB51: =ABS(G51-N51) -> 0 | AC51: =ABS(H51-O51) -> 0 | AD51: =ABS(I51-P51) -> 0 | AE51: =ABS(J51-Q51) -> 0
A52: entry_325 | B52: https://github.com/isselab/2025-models-prompt-engineering-results/blob/main/experiment_samples/cycle_5/mrq_entry_325.txt | C52: 1 | D52: =AVERAGE(E52, L52) -> 3.6 | E52: =AVERAGE(F52, G52, H52, I52, J52) -> 3.8 | F52: 4 | G52: 3 | H52: 4 | I52: 4 | J52: 4 | K52: FallbackStar not interpreted very clearly at the end | L52: =AVERAGE(M52, N52, O52, P52, Q52) -> 3.4 | M52: 3 | N52: 4 | O52: 3 | P52: 3 | Q52: 4 | R52: The first sentences of the paragraphs contain many behavioral elements; for instance, "it will execute the following actions (IsOnPasture, IsDay, IsInShed, the custom action LeaveShed, the custom action FindRandomPastureField, the custom action Move) in sequence". This makes the sentence difficult to follow. The sentences "It will execute the following actions in sequence" seem a bit incomplete. Furthermore, the last sentences are confusing. My suggestion: it would be better to have a separate paragraph, since they are related to FallbackStar. This BT matches entry_435 (Cycle 4). | S52: =AVERAGE(T52, V52) -> 4 | T52: 4 | V52: 4 | X52: https://github.com/isselab/2025-models-prompt-engineering-results/blob/main/experiment_samples/cycle_5/prompt_entry_325.txt | AA52: =ABS(F52-M52) -> 1 | AB52: =ABS(G52-N52) -> 1 | AC52: =ABS(H52-O52) -> 1 | AD52: =ABS(I52-P52) -> 1 | AE52: =ABS(J52-Q52) -> 0
A53: entry_371 | B53: https://github.com/isselab/2025-models-prompt-engineering-results/blob/main/experiment_samples/cycle_5/mrq_entry_371.txt | C53: 6 | D53: =AVERAGE(E53, L53) -> 3.4 | E53: =AVERAGE(F53, G53, H53, I53, J53) -> 3.4 | F53: 4 | G53: 3 | H53: 4 | I53: 4 | J53: 2 | K53: "It will find a value on the blackboard and check if it matches a given rule."- ccould be mistaken for a normal checkBlackbordValue; more context is needed to tag it as a ReactiveLTLStateCheck. A few redundant sentences. | L53: =AVERAGE(M53, N53, O53, P53, Q53) -> 3.4 | M53: 3 | N53: 4 | O53: 4 | P53: 3 | Q53: 3 | R53: Some sentences are redundant, such as the first two in the second paragraph. Additionally, this paragraph is too long and should be split to improve readability. The following sentence is difficult to follow because it contains many behavioral elements: 'It will execute the following actions [FakeDetectionLevel1 or ReplanningRequestLevel1, ReactiveLTLStateCheck or ReplanningRequestLevel2, FakeDetectionLevel3 or ReplanningRequestLevel3, Switch4 or ReplanningRequestLevel3] in sequence. | S53: =AVERAGE(T53, V53) -> 4 | T53: 4 | V53: 4 | X53: https://github.com/isselab/2025-models-prompt-engineering-results/blob/main/experiment_samples/cycle_5/prompt_entry_371.txt | AA53: =ABS(F53-M53) -> 1 | AB53: =ABS(G53-N53) -> 1 | AC53: =ABS(H53-O53) -> 0 | AD53: =ABS(I53-P53) -> 1 | AE53: =ABS(J53-Q53) -> 1
A54: entry_432 | B54: https://github.com/isselab/2025-models-prompt-engineering-results/blob/main/experiment_samples/cycle_5/mrq_entry_432.txt | C54: 3 | D54: =AVERAGE(E54, L54) -> 3.9 | E54: =AVERAGE(F54, G54, H54, I54, J54) -> 4 | F54: 4 | G54: 4 | H54: 4 | I54: 4 | J54: 4 | L54: =AVERAGE(M54, N54, O54, P54, Q54) -> 3.8 | M54: 4 | N54: 4 | O54: 4 | P54: 3 | Q54: 4 | R54: The first sentence of the third paragraph is a bit confusing, and I think that short paragraphs affect readability somewhat. | S54: =AVERAGE(T54, V54) -> 4 | T54: 4 | V54: 4 | X54: https://github.com/isselab/2025-models-prompt-engineering-results/blob/main/experiment_samples/cycle_5/prompt_entry_432.txt | AA54: =ABS(F54-M54) -> 0 | AB54: =ABS(G54-N54) -> 0 | AC54: =ABS(H54-O54) -> 0 | AD54: =ABS(I54-P54) -> 1 | AE54: =ABS(J54-Q54) -> 0
A55: entry_493 | B55: https://github.com/isselab/2025-models-prompt-engineering-results/blob/main/experiment_samples/cycle_5/mrq_entry_493.txt | C55: 1 | D55: =AVERAGE(E55, L55) -> 3.8 | E55: =AVERAGE(F55, G55, H55, I55, J55) -> 3.8 | F55: 4 | G55: 4 | H55: 3 | I55: 4 | J55: 4 | K55: Nuances like services and service requests not really emphasized | L55: =AVERAGE(M55, N55, O55, P55, Q55) -> 3.8 | M55: 4 | N55: 4 | O55: 4 | P55: 3 | Q55: 4 | R55: I think that short paragraphs (third and fourth) affect readability somewhat. Furthermore, the last paragraph is not sufficiently understandable, perhaps due to the complexity of the mission. | S55: =AVERAGE(T55, V55) -> 4 | T55: 4 | V55: 4 | X55: https://github.com/isselab/2025-models-prompt-engineering-results/blob/main/experiment_samples/cycle_5/prompt_entry_493.txt | AA55: =ABS(F55-M55) -> 0 | AB55: =ABS(G55-N55) -> 0 | AC55: =ABS(H55-O55) -> 1 | AD55: =ABS(I55-P55) -> 1 | AE55: =ABS(J55-Q55) -> 0
A56: entry_515 | B56: https://github.com/isselab/2025-models-prompt-engineering-results/blob/main/experiment_samples/cycle_5/mrq_entry_515.txt | C56: 1 | D56: =AVERAGE(E56, L56) -> 3.6 | E56: =AVERAGE(F56, G56, H56, I56, J56) -> 3.6 | F56: 4 | G56: 3 | H56: 3 | I56: 4 | J56: 4 | K56: "will move to the next action if the first fails until one action succeeds"-ambiguous formulation | L56: =AVERAGE(M56, N56, O56, P56, Q56) -> 3.6 | M56: 4 | N56: 4 | O56: 4 | P56: 3 | Q56: 3 | R56: The third paragraph is contradictory. The fourth and fifth paragraphs are somewhat redundant. Short paragraphs affect readability somewhat. | S56: =AVERAGE(T56, V56) -> 4 | T56: 4 | V56: 4 | X56: https://github.com/isselab/2025-models-prompt-engineering-results/blob/main/experiment_samples/cycle_5/prompt_entry_515.txt | AA56: =ABS(F56-M56) -> 0 | AB56: =ABS(G56-N56) -> 1 | AC56: =ABS(H56-O56) -> 1 | AD56: =ABS(I56-P56) -> 1 | AE56: =ABS(J56-Q56) -> 1
A57: entry_549 | B57: https://github.com/isselab/2025-models-prompt-engineering-results/blob/main/experiment_samples/cycle_5/mrq_entry_549.txt | C57: 2 | D57: =AVERAGE(E57, L57) -> 4 | E57: =AVERAGE(F57, G57, H57, I57, J57) -> 4 | F57: 4 | G57: 4 | H57: 4 | I57: 4 | J57: 4 | L57: =AVERAGE(M57, N57, O57, P57, Q57) -> 4 | M57: 4 | N57: 4 | O57: 4 | P57: 4 | Q57: 4 | R57: The word 'Next' doesn't seem to make sense in the description. | S57: =AVERAGE(T57, V57) -> 3.5 | T57: 4 | V57: 3 | W57: Validating the correctness of the inference "single-arm manipulation task" requires additional information | X57: https://github.com/isselab/2025-models-prompt-engineering-results/blob/main/experiment_samples/cycle_5/prompt_entry_549.txt | AA57: =ABS(F57-M57) -> 0 | AB57: =ABS(G57-N57) -> 0 | AC57: =ABS(H57-O57) -> 0 | AD57: =ABS(I57-P57) -> 0 | AE57: =ABS(J57-Q57) -> 0
A58: entry_584 | B58: https://github.com/isselab/2025-models-prompt-engineering-results/blob/main/experiment_samples/cycle_5/mrq_entry_584.txt | C58: 2 | D58: =AVERAGE(E58, L58) -> 3.8 | E58: =AVERAGE(F58, G58, H58, I58, J58) -> 4 | F58: 4 | G58: 4 | H58: 4 | I58: 4 | J58: 4 | K58: Rigid use of "next", slightly impacting the goal of human-like fluency. | L58: =AVERAGE(M58, N58, O58, P58, Q58) -> 3.6 | M58: 4 | N58: 4 | O58: 4 | P58: 3 | Q58: 3 | R58: The last three sentences related to 'FollowPath' are a little difficult to understand. The repetitive use of the connecting word 'Next' impaired the reading flow. The sentences " it will execute FollowPath while it does not fail"; "if FollowPath fails, stop looping and continue execution" and "it will run the ROS action FollowPath" is a bit confusing. | S58: =AVERAGE(T58, V58) -> 4 | T58: 4 | V58: 4 | X58: https://github.com/isselab/2025-models-prompt-engineering-results/blob/main/experiment_samples/cycle_5/prompt_entry_584.txt | AA58: =ABS(F58-M58) -> 0 | AB58: =ABS(G58-N58) -> 0 | AC58: =ABS(H58-O58) -> 0 | AD58: =ABS(I58-P58) -> 1 | AE58: =ABS(J58-Q58) -> 1

Sheet KappaCalc
A1: Cycle 1 | I1: Cycle 1 | Q1: Cycle 1 | Y1: Cycle 1 | AG1: Cycle 1
D2: Atomicity | L2: Ambiguity | T2: Completeness | AB2: Usability | AJ2: Consistency
A3: Observed Freq. | D3: Evaluator | I3: Observed Freq. | L3: Evaluator | Q3: Observed Freq. | T3: Evaluator | Y3: Observed Freq. | AB3: Evaluator | AG3: Observed Freq. | AJ3: Evaluator
C4: 1 | D4: 2 | E4: 3 | F4: 4 | G4: Total | K4: 1 | L4: 2 | M4: 3 | N4: 4 | O4: Total | S4: 1 | T4: 2 | U4: 3 | V4: 4 | W4: Total | AA4: 1 | AB4: 2 | AC4: 3 | AD4: 4 | AE4: Total | AI4: 1 | AJ4: 2 | AK4: 3 | AL4: 4 | AM4: Total
B5: 1 | C5: =COUNTIFS(Datasheet!F5:F14,1, Datasheet!M5:M14,1) -> 0 | D5: =COUNTIFS(Datasheet!F5:F14,1, Datasheet!M5:M14,2) -> 4 | E5: =COUNTIFS(Datasheet!F5:F14,1, Datasheet!M5:M14,3) -> 0 | F5: =COUNTIFS(Datasheet!F5:F14,1, Datasheet!M5:M14,4) -> 1 | G5: =SUM(C5, D5, E5, F5)/10 -> 0.5 | J5: 1 | K5: =COUNTIFS(Datasheet!G5:G14,1, Datasheet!N5:N14,1) -> 0 | L5: =COUNTIFS(Datasheet!G5:G14,1, Datasheet!N5:N14,2) -> 0 | M5: =COUNTIFS(Datasheet!G5:G14,1, Datasheet!N5:N14,3) -> 0 | N5: =COUNTIFS(Datasheet!G5:G14,1, Datasheet!N5:N14,4) -> 0 | O5: =SUM(K5, L5, M5, N5)/10 -> 0 | R5: 1 | S5: =COUNTIFS(Datasheet!H5:H14,1, Datasheet!O5:O14,1) -> 0 | T5: =COUNTIFS(Datasheet!H5:H14,1, Datasheet!O5:O14,2) -> 0 | U5: =COUNTIFS(Datasheet!H5:H14,1, Datasheet!O5:O14,3) -> 0 | V5: =COUNTIFS(Datasheet!H5:H14,1, Datasheet!O5:O14,4) -> 1 | W5: =SUM(S5, T5, U5, V5)/10 -> 0.1 | Z5: 1 | AA5: =COUNTIFS(Datasheet!I5:I14,1, Datasheet!P5:P14,1) -> 10 | AB5: =COUNTIFS(Datasheet!I5:I14,1, Datasheet!P5:P14,2) -> 0 | AC5: =COUNTIFS(Datasheet!I5:I14,1, Datasheet!P5:P14,3) -> 0 | AD5: =COUNTIFS(Datasheet!I5:I14,1, Datasheet!P5:P14,4) -> 0 | AE5: =SUM(AA5, AB5, AC5, AD5)/10 -> 1 | AH5: 1 | AI5: =COUNTIFS(Datasheet!J5:J14,1, Datasheet!Q5:Q14,1) -> 0 | AJ5: =COUNTIFS(Datasheet!J5:J14,1, Datasheet!Q5:Q14,2) -> 0 | AK5: =COUNTIFS(Datasheet!J5:J14,1, Datasheet!Q5:Q14,3) -> 0 | AL5: =COUNTIFS(Datasheet!J5:J14,1, Datasheet!Q5:Q14,4) -> 0 | AM5: =SUM(AI5, AJ5, AK5, AL5)/10 -> 0
A6: Prompt Engineer | B6: 2 | C6: =COUNTIFS(Datasheet!F5:F14,2, Datasheet!M5:M14,1) -> 0 | D6: =COUNTIFS(Datasheet!F5:F14,2, Datasheet!M5:M14,2) -> 1 | E6: =COUNTIFS(Datasheet!F5:F14,2, Datasheet!M5:M14,3) -> 1 | F6: =COUNTIFS(Datasheet!F5:F14,2, Datasheet!M5:M14,4) -> 0 | G6: =SUM(C6, D6, E6, F6)/10 -> 0.2 | I6: Prompt Engineer | J6: 2 | K6: =COUNTIFS(Datasheet!G5:G14,2, Datasheet!N5:N14,1) -> 0 | L6: =COUNTIFS(Datasheet!G5:G14,2, Datasheet!N5:N14,2) -> 1 | M6: =COUNTIFS(Datasheet!G5:G14,2, Datasheet!N5:N14,3) -> 2 | N6: =COUNTIFS(Datasheet!G5:G14,2, Datasheet!N5:N14,4) -> 0 | O6: =SUM(K6, L6, M6, N6)/10 -> 0.3 | Q6: Prompt Engineer | R6: 2 | S6: =COUNTIFS(Datasheet!H5:H14,2, Datasheet!O5:O14,1) -> 0 | T6: =COUNTIFS(Datasheet!H5:H14,2, Datasheet!O5:O14,2) -> 0 | U6: =COUNTIFS(Datasheet!H5:H14,2, Datasheet!O5:O14,3) -> 0 | V6: =COUNTIFS(Datasheet!H5:H14,2, Datasheet!O5:O14,4) -> 1 | W6: =SUM(S6, T6, U6, V6)/10 -> 0.1 | Y6: Prompt Engineer | Z6: 2 | AA6: =COUNTIFS(Datasheet!I5:I14,2, Datasheet!P5:P14,1) -> 0 | AB6: =COUNTIFS(Datasheet!I5:I14,2, Datasheet!P5:P14,2) -> 0 | AC6: =COUNTIFS(Datasheet!I5:I14,2, Datasheet!P5:P14,3) -> 0 | AD6: =COUNTIFS(Datasheet!I5:I14,2, Datasheet!P5:P14,4) -> 0 | AE6: =SUM(AA6, AB6, AC6, AD6)/10 -> 0 | AG6: Prompt Engineer | AH6: 2 | AI6: =COUNTIFS(Datasheet!J5:J14,2, Datasheet!Q5:Q14,1) -> 0 | AJ6: =COUNTIFS(Datasheet!J5:J14,2, Datasheet!Q5:Q14,2) -> 0 | AK6: =COUNTIFS(Datasheet!J5:J14,2, Datasheet!Q5:Q14,3) -> 0 | AL6: =COUNTIFS(Datasheet!J5:J14,2, Datasheet!Q5:Q14,4) -> 0 | AM6: =SUM(AI6, AJ6, AK6, AL6)/10 -> 0
B7: 3 | C7: =COUNTIFS(Datasheet!F5:F14,3, Datasheet!M5:M14,1) -> 0 | D7: =COUNTIFS(Datasheet!F5:F14,3, Datasheet!M5:M14,2) -> 0 | E7: =COUNTIFS(Datasheet!F5:F14,3, Datasheet!M5:M14,3) -> 1 | F7: =COUNTIFS(Datasheet!F5:F14,3, Datasheet!M5:M14,4) -> 2 | G7: =SUM(C7, D7, E7, F7)/10 -> 0.3 | J7: 3 | K7: =COUNTIFS(Datasheet!G5:G14,3, Datasheet!N5:N14,1) -> 0 | L7: =COUNTIFS(Datasheet!G5:G14,3, Datasheet!N5:N14,2) -> 2 | M7: =COUNTIFS(Datasheet!G5:G14,3, Datasheet!N5:N14,3) -> 1 | N7: =COUNTIFS(Datasheet!G5:G14,3, Datasheet!N5:N14,4) -> 0 | O7: =SUM(K7, L7, M7, N7)/10 -> 0.3 | R7: 3 | S7: =COUNTIFS(Datasheet!H5:H14,3, Datasheet!O5:O14,1) -> 0 | T7: =COUNTIFS(Datasheet!H5:H14,3, Datasheet!O5:O14,2) -> 0 | U7: =COUNTIFS(Datasheet!H5:H14,3, Datasheet!O5:O14,3) -> 1 | V7: =COUNTIFS(Datasheet!H5:H14,3, Datasheet!O5:O14,4) -> 4 | W7: =SUM(S7, T7, U7, V7)/10 -> 0.5 | Z7: 3 | AA7: =COUNTIFS(Datasheet!I5:I14,3, Datasheet!P5:P14,1) -> 0 | AB7: =COUNTIFS(Datasheet!I5:I14,3, Datasheet!P5:P14,2) -> 0 | AC7: =COUNTIFS(Datasheet!I5:I14,3, Datasheet!P5:P14,3) -> 0 | AD7: =COUNTIFS(Datasheet!I5:I14,3, Datasheet!P5:P14,4) -> 0 | AE7: =SUM(AA7, AB7, AC7, AD7)/10 -> 0 | AH7: 3 | AI7: =COUNTIFS(Datasheet!J5:J14,3, Datasheet!Q5:Q14,1) -> 0 | AJ7: =COUNTIFS(Datasheet!J5:J14,3, Datasheet!Q5:Q14,2) -> 1 | AK7: =COUNTIFS(Datasheet!J5:J14,3, Datasheet!Q5:Q14,3) -> 2 | AL7: =COUNTIFS(Datasheet!J5:J14,3, Datasheet!Q5:Q14,4) -> 2 | AM7: =SUM(AI7, AJ7, AK7, AL7)/10 -> 0.5
B8: 4 | C8: =COUNTIFS(Datasheet!F5:F14,4, Datasheet!M5:M14,1) -> 0 | D8: =COUNTIFS(Datasheet!F5:F14,4, Datasheet!M5:M14,2) -> 0 | E8: =COUNTIFS(Datasheet!F5:F14,4, Datasheet!M5:M14,3) -> 0 | F8: =COUNTIFS(Datasheet!F5:F14,4, Datasheet!M5:M14,4) -> 0 | G8: =SUM(C8, D8, E8, F8)/10 -> 0 | J8: 4 | K8: =COUNTIFS(Datasheet!G5:G14,4, Datasheet!N5:N14,1) -> 0 | L8: =COUNTIFS(Datasheet!G5:G14,4, Datasheet!N5:N14,2) -> 4 | M8: =COUNTIFS(Datasheet!G5:G14,4, Datasheet!N5:N14,3) -> 0 | N8: =COUNTIFS(Datasheet!G5:G14,4, Datasheet!N5:N14,4) -> 0 | O8: =SUM(K8, L8, M8, N8)/10 -> 0.4 | R8: 4 | S8: =COUNTIFS(Datasheet!H5:H14,4, Datasheet!O5:O14,1) -> 0 | T8: =COUNTIFS(Datasheet!H5:H14,4, Datasheet!O5:O14,2) -> 1 | U8: =COUNTIFS(Datasheet!H5:H14,4, Datasheet!O5:O14,3) -> 1 | V8: =COUNTIFS(Datasheet!H5:H14,4, Datasheet!O5:O14,4) -> 1 | W8: =SUM(S8, T8, U8, V8)/10 -> 0.3 | Z8: 4 | AA8: =COUNTIFS(Datasheet!I5:I14,4, Datasheet!P5:P14,1) -> 0 | AB8: =COUNTIFS(Datasheet!I5:I14,4, Datasheet!P5:P14,2) -> 0 | AC8: =COUNTIFS(Datasheet!I5:I14,4, Datasheet!P5:P14,3) -> 0 | AD8: =COUNTIFS(Datasheet!I5:I14,4, Datasheet!P5:P14,4) -> 0 | AE8: =SUM(AA8, AB8, AC8, AD8)/10 -> 0 | AH8: 4 | AI8: =COUNTIFS(Datasheet!J5:J14,4, Datasheet!Q5:Q14,1) -> 0 | AJ8: =COUNTIFS(Datasheet!J5:J14,4, Datasheet!Q5:Q14,2) -> 0 | AK8: =COUNTIFS(Datasheet!J5:J14,4, Datasheet!Q5:Q14,3) -> 3 | AL8: =COUNTIFS(Datasheet!J5:J14,4, Datasheet!Q5:Q14,4) -> 2 | AM8: =SUM(AI8, AJ8, AK8, AL8)/10 -> 0.5
B9: Total | C9: =SUM(C5:C8)/10 -> 0 | D9: =SUM(D5:D8)/10 -> 0.5 | E9: =SUM(E5:E8)/10 -> 0.2 | F9: =SUM(F5:F8)/10 -> 0.3 | G9: =SUM(G5:G8) -> 1 | J9: Total | K9: =SUM(K5:K8)/10 -> 0 | L9: =SUM(L5:L8)/10 -> 0.7 | M9: =SUM(M5:M8)/10 -> 0.3 | N9: =SUM(N5:N8)/10 -> 0 | O9: =SUM(O5:O8) -> 1 | R9: Total | S9: =SUM(S5:S8)/10 -> 0 | T9: =SUM(T5:T8)/10 -> 0.1 | U9: =SUM(U5:U8)/10 -> 0.2 | V9: =SUM(V5:V8)/10 -> 0.7 | W9: =SUM(W5:W8) -> 1 | Z9: Total | AA9: =SUM(AA5:AA8)/10 -> 1 | AB9: =SUM(AB5:AB8)/10 -> 0 | AC9: =SUM(AC5:AC8)/10 -> 0 | AD9: =SUM(AD5:AD8)/10 -> 0 | AE9: =SUM(AE5:AE8) -> 1 | AH9: Total | AI9: =SUM(AI5:AI8)/10 -> 0 | AJ9: =SUM(AJ5:AJ8)/10 -> 0.1 | AK9: =SUM(AK5:AK8)/10 -> 0.5 | AL9: =SUM(AL5:AL8)/10 -> 0.4 | AM9: =SUM(AM5:AM8) -> 1
A11: Expected Freq | C11: =(G5*C9)*10 -> 0 | D11: =(G5*D9)*10 -> 2.5 | E11: =(G5*E9)*10 -> 1 | F11: =(G5*F9)*10 -> 1.5 | I11: Expected Freq | K11: =(O5*K9)*10 -> 0 | L11: =(O5*L9)*10 -> 0 | M11: =(O5*M9)*10 -> 0 | N11: =(O5*N9)*10 -> 0 | Q11: Expected Freq | S11: =(W5*S9)*10 -> 0 | T11: =(W5*T9)*10 -> 0.1 | U11: =(W5*U9)*10 -> 0.2 | V11: =(W5*V9)*10 -> 0.7 | Y11: Expected Freq | AA11: =(AE5*AA9)*10 -> 10 | AB11: =(AE5*AB9)*10 -> 0 | AC11: =(AE5*AC9)*10 -> 0 | AD11: =(AE5*AD9)*10 -> 0 | AG11: Expected Freq | AI11: =(AM5*AI9)*10 -> 0 | AJ11: =(AM5*AJ9)*10 -> 0 | AK11: =(AM5*AK9)*10 -> 0 | AL11: =(AM5*AL9)*10 -> 0
C12: =(G6*C9)*10 -> 0 | D12: =(G6*D9)*10 -> 1 | E12: =(G6*E9)*10 -> 0.4 | F12: =(G6*F9)*10 -> 0.6 | K12: =(O6*K9)*10 -> 0 | L12: =(O6*L9)*10 -> 2.1 | M12: =(O6*M9)*10 -> 0.9 | N12: =(O6*N9)*10 -> 0 | S12: =(W6*S9)*10 -> 0 | T12: =(W6*T9)*10 -> 0.1 | U12: =(W6*U9)*10 -> 0.2 | V12: =(W6*V9)*10 -> 0.7 | AA12: =(AE6*AA9)*10 -> 0 | AB12: =(AE6*AB9)*10 -> 0 | AC12: =(AE6*AC9)*10 -> 0 | AD12: =(AE6*AD9)*10 -> 0 | AI12: =(AM6*AI9)*10 -> 0 | AJ12: =(AM6*AJ9)*10 -> 0 | AK12: =(AM6*AK9)*10 -> 0 | AL12: =(AM6*AL9)*10 -> 0
C13: =(G7*C9)*10 -> 0 | D13: =(G7*D9)*10 -> 1.5 | E13: =(G7*E9)*10 -> 0.6 | F13: =(G7*F9)*10 -> 0.9 | K13: =(O7*K9)*10 -> 0 | L13: =(O7*L9)*10 -> 2.1 | M13: =(O7*M9)*10 -> 0.9 | N13: =(O7*N9)*10 -> 0 | S13: =(W7*S9)*10 -> 0 | T13: =(W7*T9)*10 -> 0.5 | U13: =(W7*U9)*10 -> 1 | V13: =(W7*V9)*10 -> 3.5 | AA13: =(AE7*AA9)*10 -> 0 | AB13: =(AE7*AB9)*10 -> 0 | AC13: =(AE7*AC9)*10 -> 0 | AD13: =(AE7*AD9)*10 -> 0 | AI13: =(AM7*AI9)*10 -> 0 | AJ13: =(AM7*AJ9)*10 -> 0.5 | AK13: =(AM7*AK9)*10 -> 2.5 | AL13: =(AM7*AL9)*10 -> 2
C14: =(G8*C9)*10 -> 0 | D14: =(G8*D9)*10 -> 0 | E14: =(G8*E9)*10 -> 0 | F14: =(G8*F9)*10 -> 0 | K14: =(O8*K9)*10 -> 0 | L14: =(O8*L9)*10 -> 2.8 | M14: =(O8*M9)*10 -> 1.2 | N14: =(O8*N9)*10 -> 0 | S14: =(W8*S9)*10 -> 0 | T14: =(W8*T9)*10 -> 0.3 | U14: =(W8*U9)*10 -> 0.6 | V14: =(W8*V9)*10 -> 2.1 | AA14: =(AE8*AA9)*10 -> 0 | AB14: =(AE8*AB9)*10 -> 0 | AC14: =(AE8*AC9)*10 -> 0 | AD14: =(AE8*AD9)*10 -> 0 | AI14: =(AM8*AI9)*10 -> 0 | AJ14: =(AM8*AJ9)*10 -> 0.5 | AK14: =(AM8*AK9)*10 -> 2.5 | AL14: =(AM8*AL9)*10 -> 2
A16: Quad. Weighting | C16: =((B5-C4)^2)/((4-1)^2) -> 0 | D16: =((B5-D4)^2)/((4-1)^2) -> 0.11111111 | E16: =((B5-E4)^2)/((4-1)^2) -> 0.44444444 | F16: =((B5-F4)^2)/((4-1)^2) -> 1 | I16: Quad. Weighting | K16: =((J5-K4)^2)/((4-1)^2) -> 0 | L16: =((J5-L4)^2)/((4-1)^2) -> 0.11111111 | M16: =((J5-M4)^2)/((4-1)^2) -> 0.44444444 | N16: =((J5-N4)^2)/((4-1)^2) -> 1 | Q16: Quad. Weighting | S16: =((R5-S4)^2)/((4-1)^2) -> 0 | T16: =((R5-T4)^2)/((4-1)^2) -> 0.11111111 | U16: =((R5-U4)^2)/((4-1)^2) -> 0.44444444 | V16: =((R5-V4)^2)/((4-1)^2) -> 1 | Y16: Quad. Weighting | AA16: =((Z5-AA4)^2)/((4-1)^2) -> 0 | AB16: =((Z5-AB4)^2)/((4-1)^2) -> 0.11111111 | AC16: =((Z5-AC4)^2)/((4-1)^2) -> 0.44444444 | AD16: =((Z5-AD4)^2)/((4-1)^2) -> 1 | AG16: Quad. Weighting | AI16: =((AH5-AI4)^2)/((4-1)^2) -> 0 | AJ16: =((AH5-AJ4)^2)/((4-1)^2) -> 0.11111111 | AK16: =((AH5-AK4)^2)/((4-1)^2) -> 0.44444444 | AL16: =((AH5-AL4)^2)/((4-1)^2) -> 1
C17: =((B6-C4)^2)/((4-1)^2) -> 0.11111111 | D17: =((B6-D4)^2)/((4-1)^2) -> 0 | E17: =((B6-E4)^2)/((4-1)^2) -> 0.11111111 | F17: =((B6-F4)^2)/((4-1)^2) -> 0.44444444 | K17: =((J6-K4)^2)/((4-1)^2) -> 0.11111111 | L17: =((J6-L4)^2)/((4-1)^2) -> 0 | M17: =((J6-M4)^2)/((4-1)^2) -> 0.11111111 | N17: =((J6-N4)^2)/((4-1)^2) -> 0.44444444 | S17: =((R6-S4)^2)/((4-1)^2) -> 0.11111111 | T17: =((R6-T4)^2)/((4-1)^2) -> 0 | U17: =((R6-U4)^2)/((4-1)^2) -> 0.11111111 | V17: =((R6-V4)^2)/((4-1)^2) -> 0.44444444 | AA17: =((Z6-AA4)^2)/((4-1)^2) -> 0.11111111 | AB17: =((Z6-AB4)^2)/((4-1)^2) -> 0 | AC17: =((Z6-AC4)^2)/((4-1)^2) -> 0.11111111 | AD17: =((Z6-AD4)^2)/((4-1)^2) -> 0.44444444 | AI17: =((AH6-AI4)^2)/((4-1)^2) -> 0.11111111 | AJ17: =((AH6-AJ4)^2)/((4-1)^2) -> 0 | AK17: =((AH6-AK4)^2)/((4-1)^2) -> 0.11111111 | AL17: =((AH6-AL4)^2)/((4-1)^2) -> 0.44444444
C18: =((B7-C4)^2)/((4-1)^2) -> 0.44444444 | D18: =((B7-D4)^2)/((4-1)^2) -> 0.11111111 | E18: =((B7-E4)^2)/((4-1)^2) -> 0 | F18: =((B7-F4)^2)/((4-1)^2) -> 0.11111111 | K18: =((J7-K4)^2)/((4-1)^2) -> 0.44444444 | L18: =((J7-L4)^2)/((4-1)^2) -> 0.11111111 | M18: =((J7-M4)^2)/((4-1)^2) -> 0 | N18: =((J7-N4)^2)/((4-1)^2) -> 0.11111111 | S18: =((R7-S4)^2)/((4-1)^2) -> 0.44444444 | T18: =((R7-T4)^2)/((4-1)^2) -> 0.11111111 | U18: =((R7-U4)^2)/((4-1)^2) -> 0 | V18: =((R7-V4)^2)/((4-1)^2) -> 0.11111111 | AA18: =((Z7-AA4)^2)/((4-1)^2) -> 0.44444444 | AB18: =((Z7-AB4)^2)/((4-1)^2) -> 0.11111111 | AC18: =((Z7-AC4)^2)/((4-1)^2) -> 0 | AD18: =((Z7-AD4)^2)/((4-1)^2) -> 0.11111111 | AI18: =((AH7-AI4)^2)/((4-1)^2) -> 0.44444444 | AJ18: =((AH7-AJ4)^2)/((4-1)^2) -> 0.11111111 | AK18: =((AH7-AK4)^2)/((4-1)^2) -> 0 | AL18: =((AH7-AL4)^2)/((4-1)^2) -> 0.11111111
C19: =((B8-C4)^2)/((4-1)^2) -> 1 | D19: =((B8-D4)^2)/((4-1)^2) -> 0.44444444 | E19: =((B8-E4)^2)/((4-1)^2) -> 0.11111111 | F19: =((B8-F4)^2)/((4-1)^2) -> 0 | K19: =((J8-K4)^2)/((4-1)^2) -> 1 | L19: =((J8-L4)^2)/((4-1)^2) -> 0.44444444 | M19: =((J8-M4)^2)/((4-1)^2) -> 0.11111111 | N19: =((J8-N4)^2)/((4-1)^2) -> 0 | S19: =((R8-S4)^2)/((4-1)^2) -> 1 | T19: =((R8-T4)^2)/((4-1)^2) -> 0.44444444 | U19: =((R8-U4)^2)/((4-1)^2) -> 0.11111111 | V19: =((R8-V4)^2)/((4-1)^2) -> 0 | AA19: =((Z8-AA4)^2)/((4-1)^2) -> 1 | AB19: =((Z8-AB4)^2)/((4-1)^2) -> 0.44444444 | AC19: =((Z8-AC4)^2)/((4-1)^2) -> 0.11111111 | AD19: =((Z8-AD4)^2)/((4-1)^2) -> 0 | AI19: =((AH8-AI4)^2)/((4-1)^2) -> 1 | AJ19: =((AH8-AJ4)^2)/((4-1)^2) -> 0.44444444 | AK19: =((AH8-AK4)^2)/((4-1)^2) -> 0.11111111 | AL19: =((AH8-AL4)^2)/((4-1)^2) -> 0
A21: W. Kappa | B21: =1-(SUMPRODUCT(C5:F8,C16:F19)/SUMPRODUCT(C11:F14,C16:F19)) -> 0.36507937 | I21: W. Kappa | J21: =1-SUMPRODUCT(K5:N8,K16:N19)/SUMPRODUCT(K11:N14,K16:N19) -> -0.2987013 | Q21: W. Kappa | R21: =1-SUMPRODUCT(S5:V8,S16:V19)/SUMPRODUCT(S11:V14,S16:V19) -> -0.375 | Y21: W. Kappa | Z21: =1-IFERROR(SUMPRODUCT(AA5:AD8,AA16:AD19)/SUMPRODUCT(AA11:AD14,AA16:AD19),0) -> 1 | AG21: W. Kappa | AH21: =1-SUMPRODUCT(AI5:AL8,AI16:AL19)/SUMPRODUCT(AI11:AL14,AI16:AL19) -> 0.14285714
A23: Cycle 2 | I23: Cycle 2 | Q23: Cycle 2 | Y23: Cycle 2 | AG23: Cycle 2
D24: Atomicity | L24: Ambiguity | T24: Completeness | AB24: Usability | AJ24: Consistency
A25: Observed Freq. | D25: Evaluator | I25: Observed Freq. | L25: Evaluator | Q25: Observed Freq. | T25: Evaluator | Y25: Observed Freq. | AB25: Evaluator | AG25: Observed Freq. | AJ25: Evaluator
C26: 1 | D26: 2 | E26: 3 | F26: 4 | G26: Total | K26: 1 | L26: 2 | M26: 3 | N26: 4 | O26: Total | S26: 1 | T26: 2 | U26: 3 | V26: 4 | W26: Total | AA26: 1 | AB26: 2 | AC26: 3 | AD26: 4 | AE26: Total | AI26: 1 | AJ26: 2 | AK26: 3 | AL26: 4 | AM26: Total
B27: 1 | C27: =COUNTIFS(Datasheet!F16:F25,1, Datasheet!M16:M25,1) -> 0 | D27: =COUNTIFS(Datasheet!F16:F25,1, Datasheet!M16:M25,2) -> 0 | E27: =COUNTIFS(Datasheet!F16:F25,1, Datasheet!M16:M25,3) -> 0 | F27: =COUNTIFS(Datasheet!F16:F25,1, Datasheet!M16:M25,4) -> 0 | G27: =SUM(C27, D27, E27, F27)/10 -> 0 | J27: 1 | K27: =COUNTIFS(Datasheet!G16:G25,1, Datasheet!N16:N25,1) -> 0 | L27: =COUNTIFS(Datasheet!G16:G25,1, Datasheet!N16:N25,2) -> 0 | M27: =COUNTIFS(Datasheet!G16:G25,1, Datasheet!N16:N25,3) -> 0 | N27: =COUNTIFS(Datasheet!G16:G25,1, Datasheet!N16:N25,4) -> 0 | O27: =SUM(K27, L27, M27, N27)/10 -> 0 | R27: 1 | S27: =COUNTIFS(Datasheet!H16:H25,1, Datasheet!O16:O25,1) -> 0 | T27: =COUNTIFS(Datasheet!H16:H25,1, Datasheet!O16:O25,2) -> 0 | U27: =COUNTIFS(Datasheet!H16:H25,1, Datasheet!O16:O25,3) -> 0 | V27: =COUNTIFS(Datasheet!H16:H25,1, Datasheet!O16:O25,4) -> 0 | W27: =SUM(S27, T27, U27, V27)/10 -> 0 | Z27: 1 | AA27: =COUNTIFS(Datasheet!I16:I25,1, Datasheet!P16:P25,1) -> 6 | AB27: =COUNTIFS(Datasheet!I16:I25,1, Datasheet!P16:P25,2) -> 0 | AC27: =COUNTIFS(Datasheet!I16:I25,1, Datasheet!P16:P25,3) -> 0 | AD27: =COUNTIFS(Datasheet!I16:I25,1, Datasheet!P16:P25,4) -> 0 | AE27: =SUM(AA27, AB27, AC27, AD27)/10 -> 0.6 | AH27: 1 | AI27: =COUNTIFS(Datasheet!J16:J25,1, Datasheet!Q16:Q25,1) -> 0 | AJ27: =COUNTIFS(Datasheet!J16:J25,1, Datasheet!Q16:Q25,2) -> 0 | AK27: =COUNTIFS(Datasheet!J16:J25,1, Datasheet!Q16:Q25,3) -> 0 | AL27: =COUNTIFS(Datasheet!J16:J25,1, Datasheet!Q16:Q25,4) -> 0 | AM27: =SUM(AI27, AJ27, AK27, AL27)/10 -> 0
A28: Prompt Engineer | B28: 2 | C28: =COUNTIFS(Datasheet!F16:F25,2, Datasheet!M16:M25,1) -> 0 | D28: =COUNTIFS(Datasheet!F16:F25,2, Datasheet!M16:M25,2) -> 0 | E28: =COUNTIFS(Datasheet!F16:F25,2, Datasheet!M16:M25,3) -> 0 | F28: =COUNTIFS(Datasheet!F16:F25,2, Datasheet!M16:M25,4) -> 1 | G28: =SUM(C28, D28, E28, F28)/10 -> 0.1 | I28: Prompt Engineer | J28: 2 | K28: =COUNTIFS(Datasheet!G16:G25,2, Datasheet!N16:N25,1) -> 0 | L28: =COUNTIFS(Datasheet!N16:N25,2, Datasheet!U16:U25,2) -> 0 | M28: =COUNTIFS(Datasheet!G16:G25,2, Datasheet!N16:N25,3) -> 1 | N28: =COUNTIFS(Datasheet!G16:G25,2, Datasheet!N16:N25,4) -> 0 | O28: =SUM(K28, L28, M28, N28)/10 -> 0.1 | Q28: Prompt Engineer | R28: 2 | S28: =COUNTIFS(Datasheet!H16:H25,2, Datasheet!O16:O25,1) -> 0 | T28: =COUNTIFS(Datasheet!H16:H25,2, Datasheet!O16:O25,2) -> 0 | U28: =COUNTIFS(Datasheet!H16:H25,2, Datasheet!O16:O25,3) -> 0 | V28: =COUNTIFS(Datasheet!H16:H25,2, Datasheet!O16:O25,4) -> 1 | W28: =SUM(S28, T28, U28, V28)/10 -> 0.1 | Y28: Prompt Engineer | Z28: 2 | AA28: =COUNTIFS(Datasheet!I16:I25,2, Datasheet!P16:P25,1) -> 2 | AB28: =COUNTIFS(Datasheet!I16:I25,2, Datasheet!P16:P25,2) -> 2 | AC28: =COUNTIFS(Datasheet!I16:I25,2, Datasheet!P16:P25,3) -> 0 | AD28: =COUNTIFS(Datasheet!I16:I25,2, Datasheet!P16:P25,4) -> 0 | AE28: =SUM(AA28, AB28, AC28, AD28)/10 -> 0.4 | AG28: Prompt Engineer | AH28: 2 | AI28: =COUNTIFS(Datasheet!J16:J25,2, Datasheet!Q16:Q25,1) -> 0 | AJ28: =COUNTIFS(Datasheet!J16:J25,2, Datasheet!Q16:Q25,2) -> 0 | AK28: =COUNTIFS(Datasheet!J16:J25,2, Datasheet!Q16:Q25,3) -> 0 | AL28: =COUNTIFS(Datasheet!J16:J25,2, Datasheet!Q16:Q25,4) -> 0 | AM28: =SUM(AI28, AJ28, AK28, AL28)/10 -> 0
B29: 3 | C29: =COUNTIFS(Datasheet!F16:F25,3, Datasheet!M16:M25,1) -> 0 | D29: =COUNTIFS(Datasheet!F16:F25,3, Datasheet!M16:M25,2) -> 0 | E29: =COUNTIFS(Datasheet!F16:F25,3, Datasheet!M16:M25,3) -> 4 | F29: =COUNTIFS(Datasheet!F16:F25,3, Datasheet!M16:M25,4) -> 4 | G29: =SUM(C29, D29, E29, F29)/10 -> 0.8 | J29: 3 | K29: =COUNTIFS(Datasheet!G16:G25,3, Datasheet!N16:N25,1) -> 0 | L29: =COUNTIFS(Datasheet!N16:N25,3, Datasheet!U16:U25,2) -> 0 | M29: =COUNTIFS(Datasheet!G16:G25,3, Datasheet!N16:N25,3) -> 0 | N29: =COUNTIFS(Datasheet!G16:G25,3, Datasheet!N16:N25,4) -> 0 | O29: =SUM(K29, L29, M29, N29)/10 -> 0 | R29: 3 | S29: =COUNTIFS(Datasheet!H16:H25,3, Datasheet!O16:O25,1) -> 0 | T29: =COUNTIFS(Datasheet!H16:H25,3, Datasheet!O16:O25,2) -> 0 | U29: =COUNTIFS(Datasheet!H16:H25,3, Datasheet!O16:O25,3) -> 1 | V29: =COUNTIFS(Datasheet!H16:H25,3, Datasheet!O16:O25,4) -> 4 | W29: =SUM(S29, T29, U29, V29)/10 -> 0.5 | Z29: 3 | AA29: =COUNTIFS(Datasheet!I16:I25,3, Datasheet!P16:P25,1) -> 0 | AB29: =COUNTIFS(Datasheet!I16:I25,3, Datasheet!P16:P25,2) -> 0 | AC29: =COUNTIFS(Datasheet!I16:I25,3, Datasheet!P16:P25,3) -> 0 | AD29: =COUNTIFS(Datasheet!I16:I25,3, Datasheet!P16:P25,4) -> 0 | AE29: =SUM(AA29, AB29, AC29, AD29)/10 -> 0 | AH29: 3 | AI29: =COUNTIFS(Datasheet!J16:J25,3, Datasheet!Q16:Q25,1) -> 0 | AJ29: =COUNTIFS(Datasheet!J16:J25,3, Datasheet!Q16:Q25,2) -> 0 | AK29: =COUNTIFS(Datasheet!J16:J25,3, Datasheet!Q16:Q25,3) -> 0 | AL29: =COUNTIFS(Datasheet!J16:J25,3, Datasheet!Q16:Q25,4) -> 5 | AM29: =SUM(AI29, AJ29, AK29, AL29)/10 -> 0.5
B30: 4 | C30: =COUNTIFS(Datasheet!F16:F25,4, Datasheet!M16:M25,1) -> 0 | D30: =COUNTIFS(Datasheet!F16:F25,4, Datasheet!M16:M25,2) -> 0 | E30: =COUNTIFS(Datasheet!F16:F25,4, Datasheet!M16:M25,3) -> 0 | F30: =COUNTIFS(Datasheet!F16:F25,4, Datasheet!M16:M25,4) -> 1 | G30: =SUM(C30, D30, E30, F30)/10 -> 0.1 | J30: 4 | K30: =COUNTIFS(Datasheet!G16:G25,4, Datasheet!N16:N25,1) -> 0 | L30: =COUNTIFS(Datasheet!N16:N25,4, Datasheet!U16:U25,2) -> 0 | M30: =COUNTIFS(Datasheet!G16:G25,4, Datasheet!N16:N25,3) -> 3 | N30: =COUNTIFS(Datasheet!G16:G25,4, Datasheet!N16:N25,4) -> 0 | O30: =SUM(K30, L30, M30, N30)/10 -> 0.3 | R30: 4 | S30: =COUNTIFS(Datasheet!H16:H25,4, Datasheet!O16:O25,1) -> 0 | T30: =COUNTIFS(Datasheet!H16:H25,4, Datasheet!O16:O25,2) -> 0 | U30: =COUNTIFS(Datasheet!H16:H25,4, Datasheet!O16:O25,3) -> 0 | V30: =COUNTIFS(Datasheet!H16:H25,4, Datasheet!O16:O25,4) -> 4 | W30: =SUM(S30, T30, U30, V30)/10 -> 0.4 | Z30: 4 | AA30: =COUNTIFS(Datasheet!I16:I25,4, Datasheet!P16:P25,1) -> 0 | AB30: =COUNTIFS(Datasheet!I16:I25,4, Datasheet!P16:P25,2) -> 0 | AC30: =COUNTIFS(Datasheet!I16:I25,4, Datasheet!P16:P25,3) -> 0 | AD30: =COUNTIFS(Datasheet!I16:I25,4, Datasheet!P16:P25,4) -> 0 | AE30: =SUM(AA30, AB30, AC30, AD30)/10 -> 0 | AH30: 4 | AI30: =COUNTIFS(Datasheet!J16:J25,4, Datasheet!Q16:Q25,1) -> 0 | AJ30: =COUNTIFS(Datasheet!J16:J25,4, Datasheet!Q16:Q25,2) -> 0 | AK30: =COUNTIFS(Datasheet!J16:J25,4, Datasheet!Q16:Q25,3) -> 0 | AL30: =COUNTIFS(Datasheet!J16:J25,4, Datasheet!Q16:Q25,4) -> 5 | AM30: =SUM(AI30, AJ30, AK30, AL30)/10 -> 0.5
B31: Total | C31: =SUM(C27:C30)/10 -> 0 | D31: =SUM(D27:D30)/10 -> 0 | E31: =SUM(E27:E30)/10 -> 0.4 | F31: =SUM(F27:F30)/10 -> 0.6 | G31: =SUM(G27:G30) -> 1 | J31: Total | K31: =SUM(K27:K30)/10 -> 0 | L31: =SUM(L27:L30)/10 -> 0 | M31: =SUM(M27:M30)/10 -> 0.4 | N31: =SUM(N27:N30)/10 -> 0 | O31: =SUM(O27:O30) -> 0.4 | R31: Total | S31: =SUM(S27:S30)/10 -> 0 | T31: =SUM(T27:T30)/10 -> 0 | U31: =SUM(U27:U30)/10 -> 0.1 | V31: =SUM(V27:V30)/10 -> 0.9 | W31: =SUM(W27:W30) -> 1 | Z31: Total | AA31: =SUM(AA27:AA30)/10 -> 0.8 | AB31: =SUM(AB27:AB30)/10 -> 0.2 | AC31: =SUM(AC27:AC30)/10 -> 0 | AD31: =SUM(AD27:AD30)/10 -> 0 | AE31: =SUM(AE27:AE30) -> 1 | AH31: Total | AI31: =SUM(AI27:AI30)/10 -> 0 | AJ31: =SUM(AJ27:AJ30)/10 -> 0 | AK31: =SUM(AK27:AK30)/10 -> 0 | AL31: =SUM(AL27:AL30)/10 -> 1 | AM31: =SUM(AM27:AM30) -> 1
A33: Expected Freq | C33: =(G27*C31)*10 -> 0 | D33: =(G27*D31)*10 -> 0 | E33: =(G27*E31)*10 -> 0 | F33: =(G27*F31)*10 -> 0 | I33: Expected Freq | K33: =(O27*K31)*10 -> 0 | L33: =(O27*L31)*10 -> 0 | M33: =(O27*M31)*10 -> 0 | N33: =(O27*N31)*10 -> 0 | Q33: Expected Freq | S33: =(W27*S31)*10 -> 0 | T33: =(W27*T31)*10 -> 0 | U33: =(W27*U31)*10 -> 0 | V33: =(W27*V31)*10 -> 0 | Y33: Expected Freq | AA33: =(AE27*AA31)*10 -> 4.8 | AB33: =(AE27*AB31)*10 -> 1.2 | AC33: =(AE27*AC31)*10 -> 0 | AD33: =(AE27*AD31)*10 -> 0 | AG33: Expected Freq | AI33: =(AM27*AI31)*10 -> 0 | AJ33: =(AM27*AJ31)*10 -> 0 | AK33: =(AM27*AK31)*10 -> 0 | AL33: =(AM27*AL31)*10 -> 0
C34: =(G28*C31)*10 -> 0 | D34: =(G28*D31)*10 -> 0 | E34: =(G28*E31)*10 -> 0.4 | F34: =(G28*F31)*10 -> 0.6 | K34: =(O28*K31)*10 -> 0 | L34: =(O28*L31)*10 -> 0 | M34: =(O28*M31)*10 -> 0.4 | N34: =(O28*N31)*10 -> 0 | S34: =(W28*S31)*10 -> 0 | T34: =(W28*T31)*10 -> 0 | U34: =(W28*U31)*10 -> 0.1 | V34: =(W28*V31)*10 -> 0.9 | AA34: =(AE28*AA31)*10 -> 3.2 | AB34: =(AE28*AB31)*10 -> 0.8 | AC34: =(AE28*AC31)*10 -> 0 | AD34: =(AE28*AD31)*10 -> 0 | AI34: =(AM28*AI31)*10 -> 0 | AJ34: =(AM28*AJ31)*10 -> 0 | AK34: =(AM28*AK31)*10 -> 0 | AL34: =(AM28*AL31)*10 -> 0
C35: =(G29*C31)*10 -> 0 | D35: =(G29*D31)*10 -> 0 | E35: =(G29*E31)*10 -> 3.2 | F35: =(G29*F31)*10 -> 4.8 | K35: =(O29*K31)*10 -> 0 | L35: =(O29*L31)*10 -> 0 | M35: =(O29*M31)*10 -> 0 | N35: =(O29*N31)*10 -> 0 | S35: =(W29*S31)*10 -> 0 | T35: =(W29*T31)*10 -> 0 | U35: =(W29*U31)*10 -> 0.5 | V35: =(W29*V31)*10 -> 4.5 | AA35: =(AE29*AA31)*10 -> 0 | AB35: =(AE29*AB31)*10 -> 0 | AC35: =(AE29*AC31)*10 -> 0 | AD35: =(AE29*AD31)*10 -> 0 | AI35: =(AM29*AI31)*10 -> 0 | AJ35: =(AM29*AJ31)*10 -> 0 | AK35: =(AM29*AK31)*10 -> 0 | AL35: =(AM29*AL31)*10 -> 5
C36: =(G30*C31)*10 -> 0 | D36: =(G30*D31)*10 -> 0 | E36: =(G30*E31)*10 -> 0.4 | F36: =(G30*F31)*10 -> 0.6 | K36: =(O30*K31)*10 -> 0 | L36: =(O30*L31)*10 -> 0 | M36: =(O30*M31)*10 -> 1.2 | N36: =(O30*N31)*10 -> 0 | S36: =(W30*S31)*10 -> 0 | T36: =(W30*T31)*10 -> 0 | U36: =(W30*U31)*10 -> 0.4 | V36: =(W30*V31)*10 -> 3.6 | AA36: =(AE30*AA31)*10 -> 0 | AB36: =(AE30*AB31)*10 -> 0 | AC36: =(AE30*AC31)*10 -> 0 | AD36: =(AE30*AD31)*10 -> 0 | AI36: =(AM30*AI31)*10 -> 0 | AJ36: =(AM30*AJ31)*10 -> 0 | AK36: =(AM30*AK31)*10 -> 0 | AL36: =(AM30*AL31)*10 -> 5
A38: Quad. Weighting | C38: =((B27-C26)^2)/((4-1)^2) -> 0 | D38: =((B27-D26)^2)/((4-1)^2) -> 0.11111111 | E38: =((B27-E26)^2)/((4-1)^2) -> 0.44444444 | F38: =((B27-F26)^2)/((4-1)^2) -> 1 | I38: Quad. Weighting | K38: =((J27-K26)^2)/((4-1)^2) -> 0 | L38: =((J27-L26)^2)/((4-1)^2) -> 0.11111111 | M38: =((J27-M26)^2)/((4-1)^2) -> 0.44444444 | N38: =((J27-N26)^2)/((4-1)^2) -> 1 | Q38: Quad. Weighting | S38: =((R27-S26)^2)/((4-1)^2) -> 0 | T38: =((R27-T26)^2)/((4-1)^2) -> 0.11111111 | U38: =((R27-U26)^2)/((4-1)^2) -> 0.44444444 | V38: =((R27-V26)^2)/((4-1)^2) -> 1 | Y38: Quad. Weighting | AA38: =((Z27-AA26)^2)/((4-1)^2) -> 0 | AB38: =((Z27-AB26)^2)/((4-1)^2) -> 0.11111111 | AC38: =((Z27-AC26)^2)/((4-1)^2) -> 0.44444444 | AD38: =((Z27-AD26)^2)/((4-1)^2) -> 1 | AG38: Quad. Weighting | AI38: =((AH27-AI26)^2)/((4-1)^2) -> 0 | AJ38: =((AH27-AJ26)^2)/((4-1)^2) -> 0.11111111 | AK38: =((AH27-AK26)^2)/((4-1)^2) -> 0.44444444 | AL38: =((AH27-AL26)^2)/((4-1)^2) -> 1
C39: =((B28-C26)^2)/((4-1)^2) -> 0.11111111 | D39: =((B28-D26)^2)/((4-1)^2) -> 0 | E39: =((B28-E26)^2)/((4-1)^2) -> 0.11111111 | F39: =((B28-F26)^2)/((4-1)^2) -> 0.44444444 | K39: =((J28-K26)^2)/((4-1)^2) -> 0.11111111 | L39: =((J28-L26)^2)/((4-1)^2) -> 0 | M39: =((J28-M26)^2)/((4-1)^2) -> 0.11111111 | N39: =((J28-N26)^2)/((4-1)^2) -> 0.44444444 | S39: =((R28-S26)^2)/((4-1)^2) -> 0.11111111 | T39: =((R28-T26)^2)/((4-1)^2) -> 0 | U39: =((R28-U26)^2)/((4-1)^2) -> 0.11111111 | V39: =((R28-V26)^2)/((4-1)^2) -> 0.44444444 | AA39: =((Z28-AA26)^2)/((4-1)^2) -> 0.11111111 | AB39: =((Z28-AB26)^2)/((4-1)^2) -> 0 | AC39: =((Z28-AC26)^2)/((4-1)^2) -> 0.11111111 | AD39: =((Z28-AD26)^2)/((4-1)^2) -> 0.44444444 | AI39: =((AH28-AI26)^2)/((4-1)^2) -> 0.11111111 | AJ39: =((AH28-AJ26)^2)/((4-1)^2) -> 0 | AK39: =((AH28-AK26)^2)/((4-1)^2) -> 0.11111111 | AL39: =((AH28-AL26)^2)/((4-1)^2) -> 0.44444444
C40: =((B29-C26)^2)/((4-1)^2) -> 0.44444444 | D40: =((B29-D26)^2)/((4-1)^2) -> 0.11111111 | E40: =((B29-E26)^2)/((4-1)^2) -> 0 | F40: =((B29-F26)^2)/((4-1)^2) -> 0.11111111 | K40: =((J29-K26)^2)/((4-1)^2) -> 0.44444444 | L40: =((J29-L26)^2)/((4-1)^2) -> 0.11111111 | M40: =((J29-M26)^2)/((4-1)^2) -> 0 | N40: =((J29-N26)^2)/((4-1)^2) -> 0.11111111 | S40: =((R29-S26)^2)/((4-1)^2) -> 0.44444444 | T40: =((R29-T26)^2)/((4-1)^2) -> 0.11111111 | U40: =((R29-U26)^2)/((4-1)^2) -> 0 | V40: =((R29-V26)^2)/((4-1)^2) -> 0.11111111 | AA40: =((Z29-AA26)^2)/((4-1)^2) -> 0.44444444 | AB40: =((Z29-AB26)^2)/((4-1)^2) -> 0.11111111 | AC40: =((Z29-AC26)^2)/((4-1)^2) -> 0 | AD40: =((Z29-AD26)^2)/((4-1)^2) -> 0.11111111 | AI40: =((AH29-AI26)^2)/((4-1)^2) -> 0.44444444 | AJ40: =((AH29-AJ26)^2)/((4-1)^2) -> 0.11111111 | AK40: =((AH29-AK26)^2)/((4-1)^2) -> 0 | AL40: =((AH29-AL26)^2)/((4-1)^2) -> 0.11111111
C41: =((B30-C26)^2)/((4-1)^2) -> 1 | D41: =((B30-D26)^2)/((4-1)^2) -> 0.44444444 | E41: =((B30-E26)^2)/((4-1)^2) -> 0.11111111 | F41: =((B30-F26)^2)/((4-1)^2) -> 0 | K41: =((J30-K26)^2)/((4-1)^2) -> 1 | L41: =((J30-L26)^2)/((4-1)^2) -> 0.44444444 | M41: =((J30-M26)^2)/((4-1)^2) -> 0.11111111 | N41: =((J30-N26)^2)/((4-1)^2) -> 0 | S41: =((R30-S26)^2)/((4-1)^2) -> 1 | T41: =((R30-T26)^2)/((4-1)^2) -> 0.44444444 | U41: =((R30-U26)^2)/((4-1)^2) -> 0.11111111 | V41: =((R30-V26)^2)/((4-1)^2) -> 0 | AA41: =((Z30-AA26)^2)/((4-1)^2) -> 1 | AB41: =((Z30-AB26)^2)/((4-1)^2) -> 0.44444444 | AC41: =((Z30-AC26)^2)/((4-1)^2) -> 0.11111111 | AD41: =((Z30-AD26)^2)/((4-1)^2) -> 0 | AI41: =((AH30-AI26)^2)/((4-1)^2) -> 1 | AJ41: =((AH30-AJ26)^2)/((4-1)^2) -> 0.44444444 | AK41: =((AH30-AK26)^2)/((4-1)^2) -> 0.11111111 | AL41: =((AH30-AL26)^2)/((4-1)^2) -> 0
A43: W. Kappa | B43: =1-SUMPRODUCT(C27:F30,C38:F41)/SUMPRODUCT(C33:F36,C38:F41) -> 0 | I43: W. Kappa | J43: =1-SUMPRODUCT(K27:N30,K38:N41)/SUMPRODUCT(K33:N36,K38:N41) -> -1.5 | Q43: W. Kappa | R43: =1-SUMPRODUCT(S27:V30,S38:V41)/SUMPRODUCT(S33:V36,S38:V41) -> 0.069767442 | Y43: W. Kappa | Z43: =1-SUMPRODUCT(AA27:AD30,AA38:AD41)/SUMPRODUCT(AA33:AD36,AA38:AD41) -> 0.54545455 | AG43: W. Kappa | AH43: =1-SUMPRODUCT(AI27:AL30,AI38:AL41)/SUMPRODUCT(AI33:AL36,AI38:AL41) -> 0
A46: Cycle 3 | I46: Cycle 3 | Q46: Cycle 3 | Y46: Cycle 3 | AG46: Cycle 3
D47: Atomicity | L47: Ambiguity | T47: Completeness | AB47: Usability | AJ47: Consistency
A48: Observed Freq. | D48: Evaluator | I48: Observed Freq. | L48: Evaluator | Q48: Observed Freq. | T48: Evaluator | Y48: Observed Freq. | AB48: Evaluator | AG48: Observed Freq. | AJ48: Evaluator
C49: 1 | D49: 2 | E49: 3 | F49: 4 | G49: Total | K49: 1 | L49: 2 | M49: 3 | N49: 4 | O49: Total | S49: 1 | T49: 2 | U49: 3 | V49: 4 | W49: Total | AA49: 1 | AB49: 2 | AC49: 3 | AD49: 4 | AE49: Total | AI49: 1 | AJ49: 2 | AK49: 3 | AL49: 4 | AM49: Total
B50: 1 | C50: =COUNTIFS(Datasheet!F27:F36,1, Datasheet!M27:M36,1) -> 0 | D50: =COUNTIFS(Datasheet!F27:F36,1, Datasheet!M27:M36,2) -> 0 | E50: =COUNTIFS(Datasheet!F27:F36,1, Datasheet!M27:M36,3) -> 0 | F50: =COUNTIFS(Datasheet!F27:F36,1, Datasheet!M27:M36,4) -> 0 | G50: =SUM(C50, D50, E50, F50)/10 -> 0 | J50: 1 | K50: =COUNTIFS(Datasheet!G27:G36,1, Datasheet!N27:N36,1) -> 0 | L50: =COUNTIFS(Datasheet!G27:G36,1, Datasheet!N27:N36,2) -> 0 | M50: =COUNTIFS(Datasheet!G27:G36,1, Datasheet!N27:N36,3) -> 0 | N50: =COUNTIFS(Datasheet!G27:G36,1, Datasheet!N27:N36,4) -> 0 | O50: =SUM(K50, L50, M50, N50)/10 -> 0 | R50: 1 | S50: =COUNTIFS(Datasheet!H27:H36,1, Datasheet!O27:O36,1) -> 0 | T50: =COUNTIFS(Datasheet!H27:H36,1, Datasheet!O27:O36,2) -> 0 | U50: =COUNTIFS(Datasheet!H27:H36,1, Datasheet!O27:O36,3) -> 0 | V50: =COUNTIFS(Datasheet!H27:H36,1, Datasheet!O27:O36,4) -> 0 | W50: =SUM(S50, T50, U50, V50)/10 -> 0 | Z50: 1 | AA50: =COUNTIFS(Datasheet!I27:I36,1, Datasheet!P27:P36,1) -> 4 | AB50: =COUNTIFS(Datasheet!I27:I36,1, Datasheet!P27:P36,2) -> 0 | AC50: =COUNTIFS(Datasheet!I27:I36,1, Datasheet!P27:P36,3) -> 0 | AD50: =COUNTIFS(Datasheet!I27:I36,1, Datasheet!P27:P36,4) -> 0 | AE50: =SUM(AA50, AB50, AC50, AD50)/10 -> 0.4 | AH50: 1 | AI50: =COUNTIFS(Datasheet!J27:J36,1, Datasheet!Q27:Q36,1) -> 0 | AJ50: =COUNTIFS(Datasheet!J27:J36,1, Datasheet!Q27:Q36,2) -> 0 | AK50: =COUNTIFS(Datasheet!J27:J36,1, Datasheet!Q27:Q36,3) -> 0 | AL50: =COUNTIFS(Datasheet!J27:J36,1, Datasheet!Q27:Q36,4) -> 0 | AM50: =SUM(AI50, AJ50, AK50, AL50)/10 -> 0
A51: Prompt Engineer | B51: 2 | C51: =COUNTIFS(Datasheet!F27:F36,2, Datasheet!M27:M36,1) -> 0 | D51: =COUNTIFS(Datasheet!F27:F36,2, Datasheet!M27:M36,2) -> 0 | E51: =COUNTIFS(Datasheet!F27:F36,2, Datasheet!M27:M36,3) -> 0 | F51: =COUNTIFS(Datasheet!F27:F36,2, Datasheet!M27:M36,4) -> 0 | G51: =SUM(C51, D51, E51, F51)/10 -> 0 | I51: Prompt Engineer | J51: 2 | K51: =COUNTIFS(Datasheet!G27:G36,2, Datasheet!N27:N36,1) -> 0 | L51: =COUNTIFS(Datasheet!G27:G36,2, Datasheet!N27:N36,2) -> 0 | M51: =COUNTIFS(Datasheet!G27:G36,2, Datasheet!N27:N36,3) -> 0 | N51: =COUNTIFS(Datasheet!G27:G36,2, Datasheet!N27:N36,4) -> 0 | O51: =SUM(K51, L51, M51, N51)/10 -> 0 | Q51: Prompt Engineer | R51: 2 | S51: =COUNTIFS(Datasheet!H27:H36,2, Datasheet!O27:O36,1) -> 0 | T51: =COUNTIFS(Datasheet!H27:H36,2, Datasheet!O27:O36,2) -> 0 | U51: =COUNTIFS(Datasheet!H27:H36,2, Datasheet!O27:O36,3) -> 0 | V51: =COUNTIFS(Datasheet!H27:H36,2, Datasheet!O27:O36,4) -> 1 | W51: =SUM(S51, T51, U51, V51)/10 -> 0.1 | Y51: Prompt Engineer | Z51: 2 | AA51: =COUNTIFS(Datasheet!I27:I36,2, Datasheet!P27:P36,1) -> 2 | AB51: =COUNTIFS(Datasheet!I27:I36,2, Datasheet!P27:P36,2) -> 3 | AC51: =COUNTIFS(Datasheet!I27:I36,2, Datasheet!P27:P36,3) -> 0 | AD51: =COUNTIFS(Datasheet!I27:I36,2, Datasheet!P27:P36,4) -> 0 | AE51: =SUM(AA51, AB51, AC51, AD51)/10 -> 0.5 | AG51: Prompt Engineer | AH51: 2 | AI51: =COUNTIFS(Datasheet!J27:J36,2, Datasheet!Q27:Q36,1) -> 0 | AJ51: =COUNTIFS(Datasheet!J27:J36,2, Datasheet!Q27:Q36,2) -> 0 | AK51: =COUNTIFS(Datasheet!J27:J36,2, Datasheet!Q27:Q36,3) -> 0 | AL51: =COUNTIFS(Datasheet!J27:J36,2, Datasheet!Q27:Q36,4) -> 0 | AM51: =SUM(AI51, AJ51, AK51, AL51)/10 -> 0
B52: 3 | C52: =COUNTIFS(Datasheet!F27:F36,3, Datasheet!M27:M36,1) -> 0 | D52: =COUNTIFS(Datasheet!F27:F36,3, Datasheet!M27:M36,2) -> 0 | E52: =COUNTIFS(Datasheet!F27:F36,3, Datasheet!M27:M36,3) -> 3 | F52: =COUNTIFS(Datasheet!F27:F36,3, Datasheet!M27:M36,4) -> 0 | G52: =SUM(C52, D52, E52, F52)/10 -> 0.3 | J52: 3 | K52: =COUNTIFS(Datasheet!G27:G36,3, Datasheet!N27:N36,1) -> 0 | L52: =COUNTIFS(Datasheet!G27:G36,3, Datasheet!N27:N36,2) -> 3 | M52: =COUNTIFS(Datasheet!G27:G36,3, Datasheet!N27:N36,3) -> 4 | N52: =COUNTIFS(Datasheet!G27:G36,3, Datasheet!N27:N36,4) -> 0 | O52: =SUM(K52, L52, M52, N52)/10 -> 0.7 | R52: 3 | S52: =COUNTIFS(Datasheet!H27:H36,3, Datasheet!O27:O36,1) -> 0 | T52: =COUNTIFS(Datasheet!H27:H36,3, Datasheet!O27:O36,2) -> 0 | U52: =COUNTIFS(Datasheet!H27:H36,3, Datasheet!O27:O36,3) -> 1 | V52: =COUNTIFS(Datasheet!H27:H36,3, Datasheet!O27:O36,4) -> 5 | W52: =SUM(S52, T52, U52, V52)/10 -> 0.6 | Z52: 3 | AA52: =COUNTIFS(Datasheet!I27:I36,3, Datasheet!P27:P36,1) -> 0 | AB52: =COUNTIFS(Datasheet!I27:I36,3, Datasheet!P27:P36,2) -> 1 | AC52: =COUNTIFS(Datasheet!I27:I36,3, Datasheet!P27:P36,3) -> 0 | AD52: =COUNTIFS(Datasheet!I27:I36,3, Datasheet!P27:P36,4) -> 0 | AE52: =SUM(AA52, AB52, AC52, AD52)/10 -> 0.1 | AH52: 3 | AI52: =COUNTIFS(Datasheet!J27:J36,3, Datasheet!Q27:Q36,1) -> 0 | AJ52: =COUNTIFS(Datasheet!J27:J36,3, Datasheet!Q27:Q36,2) -> 0 | AK52: =COUNTIFS(Datasheet!J27:J36,3, Datasheet!Q27:Q36,3) -> 1 | AL52: =COUNTIFS(Datasheet!J27:J36,3, Datasheet!Q27:Q36,4) -> 2 | AM52: =SUM(AI52, AJ52, AK52, AL52)/10 -> 0.3
B53: 4 | C53: =COUNTIFS(Datasheet!F27:F36,4, Datasheet!M27:M36,1) -> 0 | D53: =COUNTIFS(Datasheet!F27:F36,4, Datasheet!M27:M36,2) -> 0 | E53: =COUNTIFS(Datasheet!F27:F36,4, Datasheet!M27:M36,3) -> 2 | F53: =COUNTIFS(Datasheet!F27:F36,4, Datasheet!M27:M36,4) -> 5 | G53: =SUM(C53, D53, E53, F53)/10 -> 0.7 | J53: 4 | K53: =COUNTIFS(Datasheet!G27:G36,4, Datasheet!N27:N36,1) -> 0 | L53: =COUNTIFS(Datasheet!G27:G36,4, Datasheet!N27:N36,2) -> 0 | M53: =COUNTIFS(Datasheet!G27:G36,4, Datasheet!N27:N36,3) -> 3 | N53: =COUNTIFS(Datasheet!G27:G36,4, Datasheet!N27:N36,4) -> 0 | O53: =SUM(K53, L53, M53, N53)/10 -> 0.3 | R53: 4 | S53: =COUNTIFS(Datasheet!H27:H36,4, Datasheet!O27:O36,1) -> 0 | T53: =COUNTIFS(Datasheet!H27:H36,4, Datasheet!O27:O36,2) -> 1 | U53: =COUNTIFS(Datasheet!H27:H36,4, Datasheet!O27:O36,3) -> 1 | V53: =COUNTIFS(Datasheet!H27:H36,4, Datasheet!O27:O36,4) -> 1 | W53: =SUM(S53, T53, U53, V53)/10 -> 0.3 | Z53: 4 | AA53: =COUNTIFS(Datasheet!I27:I36,4, Datasheet!P27:P36,1) -> 0 | AB53: =COUNTIFS(Datasheet!I27:I36,4, Datasheet!P27:P36,2) -> 0 | AC53: =COUNTIFS(Datasheet!I27:I36,4, Datasheet!P27:P36,3) -> 0 | AD53: =COUNTIFS(Datasheet!I27:I36,4, Datasheet!P27:P36,4) -> 0 | AE53: =SUM(AA53, AB53, AC53, AD53)/10 -> 0 | AH53: 4 | AI53: =COUNTIFS(Datasheet!J27:J36,4, Datasheet!Q27:Q36,1) -> 0 | AJ53: =COUNTIFS(Datasheet!J27:J36,4, Datasheet!Q27:Q36,2) -> 0 | AK53: =COUNTIFS(Datasheet!J27:J36,4, Datasheet!Q27:Q36,3) -> 1 | AL53: =COUNTIFS(Datasheet!J27:J36,4, Datasheet!Q27:Q36,4) -> 6 | AM53: =SUM(AI53, AJ53, AK53, AL53)/10 -> 0.7
B54: Total | C54: =SUM(C50:C53)/10 -> 0 | D54: =SUM(D50:D53)/10 -> 0 | E54: =SUM(E50:E53)/10 -> 0.5 | F54: =SUM(F50:F53)/10 -> 0.5 | G54: =SUM(G50:G53) -> 1 | J54: Total | K54: =SUM(K50:K53)/10 -> 0 | L54: =SUM(L50:L53)/10 -> 0.3 | M54: =SUM(M50:M53)/10 -> 0.7 | N54: =SUM(N50:N53)/10 -> 0 | O54: =SUM(O50:O53) -> 1 | R54: Total | S54: =SUM(S50:S53)/10 -> 0 | T54: =SUM(T50:T53)/10 -> 0.1 | U54: =SUM(U50:U53)/10 -> 0.2 | V54: =SUM(V50:V53)/10 -> 0.7 | W54: =SUM(W50:W53) -> 1 | Z54: Total | AA54: =SUM(AA50:AA53)/10 -> 0.6 | AB54: =SUM(AB50:AB53)/10 -> 0.4 | AC54: =SUM(AC50:AC53)/10 -> 0 | AD54: =SUM(AD50:AD53)/10 -> 0 | AE54: =SUM(AE50:AE53) -> 1 | AH54: Total | AI54: =SUM(AI50:AI53)/10 -> 0 | AJ54: =SUM(AJ50:AJ53)/10 -> 0 | AK54: =SUM(AK50:AK53)/10 -> 0.2 | AL54: =SUM(AL50:AL53)/10 -> 0.8 | AM54: =SUM(AM50:AM53) -> 1
A56: Expected Freq | C56: =(G50*C54)*10 -> 0 | D56: =(G50*D54)*10 -> 0 | E56: =(G50*E54)*10 -> 0 | F56: =(G50*F54)*10 -> 0 | I56: Expected Freq | K56: =(O50*K54)*10 -> 0 | L56: =(O50*L54)*10 -> 0 | M56: =(O50*M54)*10 -> 0 | N56: =(O50*N54)*10 -> 0 | Q56: Expected Freq | S56: =(W50*S54)*10 -> 0 | T56: =(W50*T54)*10 -> 0 | U56: =(W50*U54)*10 -> 0 | V56: =(W50*V54)*10 -> 0 | Y56: Expected Freq | AA56: =(AE50*AA54)*10 -> 2.4 | AB56: =(AE50*AB54)*10 -> 1.6 | AC56: =(AE50*AC54)*10 -> 0 | AD56: =(AE50*AD54)*10 -> 0 | AG56: Expected Freq | AI56: =(AM50*AI54)*10 -> 0 | AJ56: =(AM50*AJ54)*10 -> 0 | AK56: =(AM50*AK54)*10 -> 0 | AL56: =(AM50*AL54)*10 -> 0
C57: =(G51*C54)*10 -> 0 | D57: =(G51*D54)*10 -> 0 | E57: =(G51*E54)*10 -> 0 | F57: =(G51*F54)*10 -> 0 | K57: =(O51*K54)*10 -> 0 | L57: =(O51*L54)*10 -> 0 | M57: =(O51*M54)*10 -> 0 | N57: =(O51*N54)*10 -> 0 | S57: =(W51*S54)*10 -> 0 | T57: =(W51*T54)*10 -> 0.1 | U57: =(W51*U54)*10 -> 0.2 | V57: =(W51*V54)*10 -> 0.7 | AA57: =(AE51*AA54)*10 -> 3 | AB57: =(AE51*AB54)*10 -> 2 | AC57: =(AE51*AC54)*10 -> 0 | AD57: =(AE51*AD54)*10 -> 0 | AI57: =(AM51*AI54)*10 -> 0 | AJ57: =(AM51*AJ54)*10 -> 0 | AK57: =(AM51*AK54)*10 -> 0 | AL57: =(AM51*AL54)*10 -> 0
C58: =(G52*C54)*10 -> 0 | D58: =(G52*D54)*10 -> 0 | E58: =(G52*E54)*10 -> 1.5 | F58: =(G52*F54)*10 -> 1.5 | K58: =(O52*K54)*10 -> 0 | L58: =(O52*L54)*10 -> 2.1 | M58: =(O52*M54)*10 -> 4.9 | N58: =(O52*N54)*10 -> 0 | S58: =(W52*S54)*10 -> 0 | T58: =(W52*T54)*10 -> 0.6 | U58: =(W52*U54)*10 -> 1.2 | V58: =(W52*V54)*10 -> 4.2 | AA58: =(AE52*AA54)*10 -> 0.6 | AB58: =(AE52*AB54)*10 -> 0.4 | AC58: =(AE52*AC54)*10 -> 0 | AD58: =(AE52*AD54)*10 -> 0 | AI58: =(AM52*AI54)*10 -> 0 | AJ58: =(AM52*AJ54)*10 -> 0 | AK58: =(AM52*AK54)*10 -> 0.6 | AL58: =(AM52*AL54)*10 -> 2.4
C59: =(G53*C54)*10 -> 0 | D59: =(G53*D54)*10 -> 0 | E59: =(G53*E54)*10 -> 3.5 | F59: =(G53*F54)*10 -> 3.5 | K59: =(O53*K54)*10 -> 0 | L59: =(O53*L54)*10 -> 0.9 | M59: =(O53*M54)*10 -> 2.1 | N59: =(O53*N54)*10 -> 0 | S59: =(W53*S54)*10 -> 0 | T59: =(W53*T54)*10 -> 0.3 | U59: =(W53*U54)*10 -> 0.6 | V59: =(W53*V54)*10 -> 2.1 | AA59: =(AE53*AA54)*10 -> 0 | AB59: =(AE53*AB54)*10 -> 0 | AC59: =(AE53*AC54)*10 -> 0 | AD59: =(AE53*AD54)*10 -> 0 | AI59: =(AM53*AI54)*10 -> 0 | AJ59: =(AM53*AJ54)*10 -> 0 | AK59: =(AM53*AK54)*10 -> 1.4 | AL59: =(AM53*AL54)*10 -> 5.6
A61: Quad. Weighting | C61: =((B50-C49)^2)/((4-1)^2) -> 0 | D61: =((B50-D49)^2)/((4-1)^2) -> 0.11111111 | E61: =((B50-E49)^2)/((4-1)^2) -> 0.44444444 | F61: =((B50-F49)^2)/((4-1)^2) -> 1 | I61: Quad. Weighting | K61: =((J50-K49)^2)/((4-1)^2) -> 0 | L61: =((J50-L49)^2)/((4-1)^2) -> 0.11111111 | M61: =((J50-M49)^2)/((4-1)^2) -> 0.44444444 | N61: =((J50-N49)^2)/((4-1)^2) -> 1 | Q61: Quad. Weighting | S61: =((R50-S49)^2)/((4-1)^2) -> 0 | T61: =((R50-T49)^2)/((4-1)^2) -> 0.11111111 | U61: =((R50-U49)^2)/((4-1)^2) -> 0.44444444 | V61: =((R50-V49)^2)/((4-1)^2) -> 1 | Y61: Quad. Weighting | AA61: =((Z50-AA49)^2)/((4-1)^2) -> 0 | AB61: =((Z50-AB49)^2)/((4-1)^2) -> 0.11111111 | AC61: =((Z50-AC49)^2)/((4-1)^2) -> 0.44444444 | AD61: =((Z50-AD49)^2)/((4-1)^2) -> 1 | AG61: Quad. Weighting | AI61: =((AH50-AI49)^2)/((4-1)^2) -> 0 | AJ61: =((AH50-AJ49)^2)/((4-1)^2) -> 0.11111111 | AK61: =((AH50-AK49)^2)/((4-1)^2) -> 0.44444444 | AL61: =((AH50-AL49)^2)/((4-1)^2) -> 1
C62: =((B51-C49)^2)/((4-1)^2) -> 0.11111111 | D62: =((B51-D49)^2)/((4-1)^2) -> 0 | E62: =((B51-E49)^2)/((4-1)^2) -> 0.11111111 | F62: =((B51-F49)^2)/((4-1)^2) -> 0.44444444 | K62: =((J51-K49)^2)/((4-1)^2) -> 0.11111111 | L62: =((J51-L49)^2)/((4-1)^2) -> 0 | M62: =((J51-M49)^2)/((4-1)^2) -> 0.11111111 | N62: =((J51-N49)^2)/((4-1)^2) -> 0.44444444 | S62: =((R51-S49)^2)/((4-1)^2) -> 0.11111111 | T62: =((R51-T49)^2)/((4-1)^2) -> 0 | U62: =((R51-U49)^2)/((4-1)^2) -> 0.11111111 | V62: =((R51-V49)^2)/((4-1)^2) -> 0.44444444 | AA62: =((Z51-AA49)^2)/((4-1)^2) -> 0.11111111 | AB62: =((Z51-AB49)^2)/((4-1)^2) -> 0 | AC62: =((Z51-AC49)^2)/((4-1)^2) -> 0.11111111 | AD62: =((Z51-AD49)^2)/((4-1)^2) -> 0.44444444 | AI62: =((AH51-AI49)^2)/((4-1)^2) -> 0.11111111 | AJ62: =((AH51-AJ49)^2)/((4-1)^2) -> 0 | AK62: =((AH51-AK49)^2)/((4-1)^2) -> 0.11111111 | AL62: =((AH51-AL49)^2)/((4-1)^2) -> 0.44444444
C63: =((B52-C49)^2)/((4-1)^2) -> 0.44444444 | D63: =((B52-D49)^2)/((4-1)^2) -> 0.11111111 | E63: =((B52-E49)^2)/((4-1)^2) -> 0 | F63: =((B52-F49)^2)/((4-1)^2) -> 0.11111111 | K63: =((J52-K49)^2)/((4-1)^2) -> 0.44444444 | L63: =((J52-L49)^2)/((4-1)^2) -> 0.11111111 | M63: =((J52-M49)^2)/((4-1)^2) -> 0 | N63: =((J52-N49)^2)/((4-1)^2) -> 0.11111111 | S63: =((R52-S49)^2)/((4-1)^2) -> 0.44444444 | T63: =((R52-T49)^2)/((4-1)^2) -> 0.11111111 | U63: =((R52-U49)^2)/((4-1)^2) -> 0 | V63: =((R52-V49)^2)/((4-1)^2) -> 0.11111111 | AA63: =((Z52-AA49)^2)/((4-1)^2) -> 0.44444444 | AB63: =((Z52-AB49)^2)/((4-1)^2) -> 0.11111111 | AC63: =((Z52-AC49)^2)/((4-1)^2) -> 0 | AD63: =((Z52-AD49)^2)/((4-1)^2) -> 0.11111111 | AI63: =((AH52-AI49)^2)/((4-1)^2) -> 0.44444444 | AJ63: =((AH52-AJ49)^2)/((4-1)^2) -> 0.11111111 | AK63: =((AH52-AK49)^2)/((4-1)^2) -> 0 | AL63: =((AH52-AL49)^2)/((4-1)^2) -> 0.11111111
C64: =((B53-C49)^2)/((4-1)^2) -> 1 | D64: =((B53-D49)^2)/((4-1)^2) -> 0.44444444 | E64: =((B53-E49)^2)/((4-1)^2) -> 0.11111111 | F64: =((B53-F49)^2)/((4-1)^2) -> 0 | K64: =((J53-K49)^2)/((4-1)^2) -> 1 | L64: =((J53-L49)^2)/((4-1)^2) -> 0.44444444 | M64: =((J53-M49)^2)/((4-1)^2) -> 0.11111111 | N64: =((J53-N49)^2)/((4-1)^2) -> 0 | S64: =((R53-S49)^2)/((4-1)^2) -> 1 | T64: =((R53-T49)^2)/((4-1)^2) -> 0.44444444 | U64: =((R53-U49)^2)/((4-1)^2) -> 0.11111111 | V64: =((R53-V49)^2)/((4-1)^2) -> 0 | AA64: =((Z53-AA49)^2)/((4-1)^2) -> 1 | AB64: =((Z53-AB49)^2)/((4-1)^2) -> 0.44444444 | AC64: =((Z53-AC49)^2)/((4-1)^2) -> 0.11111111 | AD64: =((Z53-AD49)^2)/((4-1)^2) -> 0 | AI64: =((AH53-AI49)^2)/((4-1)^2) -> 1 | AJ64: =((AH53-AJ49)^2)/((4-1)^2) -> 0.44444444 | AK64: =((AH53-AK49)^2)/((4-1)^2) -> 0.11111111 | AL64: =((AH53-AL49)^2)/((4-1)^2) -> 0
A66: W. Kappa | B66: =1-SUMPRODUCT(C50:F53,C61:F64)/SUMPRODUCT(C56:F59,C61:F64) -> 0.6 | I66: W. Kappa | J66: =1-SUMPRODUCT(K50:N53,K61:N64)/SUMPRODUCT(K56:N59,K61:N64) -> 0.23076923 | Q66: W. Kappa | R66: =1-SUMPRODUCT(S50:V53,S61:V64)/SUMPRODUCT(S56:V59,S61:V64) -> -0.45833333 | Y66: W. Kappa | Z66: =1-SUMPRODUCT(AA50:AD53,AA61:AD64)/SUMPRODUCT(AA56:AD59,AA61:AD64) -> 0.59459459 | AG66: W. Kappa | AH66: =1-SUMPRODUCT(AI50:AL53,AI61:AL64)/SUMPRODUCT(AI56:AL59,AI61:AL64) -> 0.21052632
A69: Cycle 4 | I69: Cycle 4 | Q69: Cycle 4 | Y69: Cycle 4 | AG69: Cycle 4
D70: Atomicity | L70: Ambiguity | T70: Completeness | AB70: Usability | AJ70: Consistency
A71: Observed Freq. | D71: Evaluator | I71: Observed Freq. | L71: Evaluator | Q71: Observed Freq. | T71: Evaluator | Y71: Observed Freq. | AB71: Evaluator | AG71: Observed Freq. | AJ71: Evaluator
C72: 1 | D72: 2 | E72: 3 | F72: 4 | G72: Total | K72: 1 | L72: 2 | M72: 3 | N72: 4 | O72: Total | S72: 1 | T72: 2 | U72: 3 | V72: 4 | W72: Total | AA72: 1 | AB72: 2 | AC72: 3 | AD72: 4 | AE72: Total | AI72: 1 | AJ72: 2 | AK72: 3 | AL72: 4 | AM72: Total
B73: 1 | C73: =COUNTIFS(Datasheet!F38:F47,1, Datasheet!M38:M47,1) -> 0 | D73: =COUNTIFS(Datasheet!F38:F47,1, Datasheet!M38:M47,2) -> 0 | E73: =COUNTIFS(Datasheet!F38:F47,1, Datasheet!M38:M47,3) -> 0 | F73: =COUNTIFS(Datasheet!F38:F47,1, Datasheet!M38:M47,4) -> 0 | G73: =SUM(C73, D73, E73, F73)/10 -> 0 | J73: 1 | K73: =COUNTIFS(Datasheet!G38:G47,1, Datasheet!N38:N47,1) -> 0 | L73: =COUNTIFS(Datasheet!G38:G47,1, Datasheet!N38:N47,2) -> 0 | M73: =COUNTIFS(Datasheet!G38:G47,1, Datasheet!N38:N47,3) -> 0 | N73: =COUNTIFS(Datasheet!G38:G47,1, Datasheet!N38:N47,4) -> 0 | O73: =SUM(K73, L73, M73, N73)/10 -> 0 | R73: 1 | S73: =COUNTIFS(Datasheet!H38:H47,1, Datasheet!O38:O47,1) -> 0 | T73: =COUNTIFS(Datasheet!H38:H47,1, Datasheet!O38:O47,2) -> 0 | U73: =COUNTIFS(Datasheet!H38:H47,1, Datasheet!O38:O47,3) -> 0 | V73: =COUNTIFS(Datasheet!H38:H47,1, Datasheet!O38:O47,4) -> 0 | W73: =SUM(S73, T73, U73, V73)/10 -> 0 | Z73: 1 | AA73: =COUNTIFS(Datasheet!I38:I47,1, Datasheet!P38:P47,1) -> 0 | AB73: =COUNTIFS(Datasheet!I38:I47,1, Datasheet!P38:P47,2) -> 0 | AC73: =COUNTIFS(Datasheet!I38:I47,1, Datasheet!P38:P47,3) -> 0 | AD73: =COUNTIFS(Datasheet!I38:I47,1, Datasheet!P38:P47,4) -> 0 | AE73: =SUM(AA73, AB73, AC73, AD73)/10 -> 0 | AH73: 1 | AI73: =COUNTIFS(Datasheet!J38:J47,1, Datasheet!Q38:Q47,1) -> 0 | AJ73: =COUNTIFS(Datasheet!J38:J47,1, Datasheet!Q38:Q47,2) -> 0 | AK73: =COUNTIFS(Datasheet!J38:J47,1, Datasheet!Q38:Q47,3) -> 0 | AL73: =COUNTIFS(Datasheet!J38:J47,1, Datasheet!Q38:Q47,4) -> 0 | AM73: =SUM(AI73, AJ73, AK73, AL73)/10 -> 0
A74: Prompt Engineer | B74: 2 | C74: =COUNTIFS(Datasheet!F38:F47,2, Datasheet!M38:M47,1) -> 0 | D74: =COUNTIFS(Datasheet!F38:F47,2, Datasheet!M38:M47,2) -> 1 | E74: =COUNTIFS(Datasheet!F38:F47,2, Datasheet!M38:M47,3) -> 0 | F74: =COUNTIFS(Datasheet!F38:F47,2, Datasheet!M38:M47,4) -> 0 | G74: =SUM(C74, D74, E74, F74)/10 -> 0.1 | I74: Prompt Engineer | J74: 2 | K74: =COUNTIFS(Datasheet!G38:G47,2, Datasheet!N38:N47,1) -> 0 | L74: =COUNTIFS(Datasheet!G38:G47,2, Datasheet!N38:N47,2) -> 1 | M74: =COUNTIFS(Datasheet!G38:G47,2, Datasheet!N38:N47,3) -> 0 | N74: =COUNTIFS(Datasheet!G38:G47,2, Datasheet!N38:N47,4) -> 0 | O74: =SUM(K74, L74, M74, N74)/10 -> 0.1 | Q74: Prompt Engineer | R74: 2 | S74: =COUNTIFS(Datasheet!H38:H47,2, Datasheet!O38:O47,1) -> 0 | T74: =COUNTIFS(Datasheet!H38:H47,2, Datasheet!O38:O47,2) -> 1 | U74: =COUNTIFS(Datasheet!H38:H47,2, Datasheet!O38:O47,3) -> 1 | V74: =COUNTIFS(Datasheet!H38:H47,2, Datasheet!O38:O47,4) -> 0 | W74: =SUM(S74, T74, U74, V74)/10 -> 0.2 | Y74: Prompt Engineer | Z74: 2 | AA74: =COUNTIFS(Datasheet!I38:I47,2, Datasheet!P38:P47,1) -> 0 | AB74: =COUNTIFS(Datasheet!I38:I47,2, Datasheet!P38:P47,2) -> 3 | AC74: =COUNTIFS(Datasheet!I38:I47,2, Datasheet!P38:P47,3) -> 1 | AD74: =COUNTIFS(Datasheet!I38:I47,2, Datasheet!P38:P47,4) -> 0 | AE74: =SUM(AA74, AB74, AC74, AD74)/10 -> 0.4 | AG74: Prompt Engineer | AH74: 2 | AI74: =COUNTIFS(Datasheet!J38:J47,2, Datasheet!Q38:Q47,1) -> 0 | AJ74: =COUNTIFS(Datasheet!J38:J47,2, Datasheet!Q38:Q47,2) -> 0 | AK74: =COUNTIFS(Datasheet!J38:J47,2, Datasheet!Q38:Q47,3) -> 0 | AL74: =COUNTIFS(Datasheet!J38:J47,2, Datasheet!Q38:Q47,4) -> 0 | AM74: =SUM(AI74, AJ74, AK74, AL74)/10 -> 0
B75: 3 | C75: =COUNTIFS(Datasheet!F38:F47,3, Datasheet!M38:M47,1) -> 0 | D75: =COUNTIFS(Datasheet!F38:F47,3, Datasheet!M38:M47,2) -> 0 | E75: =COUNTIFS(Datasheet!F38:F47,3, Datasheet!M38:M47,3) -> 4 | F75: =COUNTIFS(Datasheet!F38:F47,3, Datasheet!M38:M47,4) -> 1 | G75: =SUM(C75, D75, E75, F75)/10 -> 0.5 | J75: 3 | K75: =COUNTIFS(Datasheet!G38:G47,3, Datasheet!N38:N47,1) -> 0 | L75: =COUNTIFS(Datasheet!G38:G47,3, Datasheet!N38:N47,2) -> 0 | M75: =COUNTIFS(Datasheet!G38:G47,3, Datasheet!N38:N47,3) -> 3 | N75: =COUNTIFS(Datasheet!G38:G47,3, Datasheet!N38:N47,4) -> 2 | O75: =SUM(K75, L75, M75, N75)/10 -> 0.5 | R75: 3 | S75: =COUNTIFS(Datasheet!H38:H47,3, Datasheet!O38:O47,1) -> 0 | T75: =COUNTIFS(Datasheet!H38:H47,3, Datasheet!O38:O47,2) -> 0 | U75: =COUNTIFS(Datasheet!H38:H47,3, Datasheet!O38:O47,3) -> 1 | V75: =COUNTIFS(Datasheet!H38:H47,3, Datasheet!O38:O47,4) -> 1 | W75: =SUM(S75, T75, U75, V75)/10 -> 0.2 | Z75: 3 | AA75: =COUNTIFS(Datasheet!I38:I47,3, Datasheet!P38:P47,1) -> 0 | AB75: =COUNTIFS(Datasheet!I38:I47,3, Datasheet!P38:P47,2) -> 2 | AC75: =COUNTIFS(Datasheet!I38:I47,3, Datasheet!P38:P47,3) -> 1 | AD75: =COUNTIFS(Datasheet!I38:I47,3, Datasheet!P38:P47,4) -> 0 | AE75: =SUM(AA75, AB75, AC75, AD75)/10 -> 0.3 | AH75: 3 | AI75: =COUNTIFS(Datasheet!J38:J47,3, Datasheet!Q38:Q47,1) -> 0 | AJ75: =COUNTIFS(Datasheet!J38:J47,3, Datasheet!Q38:Q47,2) -> 0 | AK75: =COUNTIFS(Datasheet!J38:J47,3, Datasheet!Q38:Q47,3) -> 2 | AL75: =COUNTIFS(Datasheet!J38:J47,3, Datasheet!Q38:Q47,4) -> 0 | AM75: =SUM(AI75, AJ75, AK75, AL75)/10 -> 0.2
B76: 4 | C76: =COUNTIFS(Datasheet!F38:F47,4, Datasheet!M38:M47,1) -> 0 | D76: =COUNTIFS(Datasheet!F38:F47,4, Datasheet!M38:M47,2) -> 0 | E76: =COUNTIFS(Datasheet!F38:F47,4, Datasheet!M38:M47,3) -> 1 | F76: =COUNTIFS(Datasheet!F38:F47,4, Datasheet!M38:M47,4) -> 3 | G76: =SUM(C76, D76, E76, F76)/10 -> 0.4 | J76: 4 | K76: =COUNTIFS(Datasheet!G38:G47,4, Datasheet!N38:N47,1) -> 0 | L76: =COUNTIFS(Datasheet!G38:G47,4, Datasheet!N38:N47,2) -> 0 | M76: =COUNTIFS(Datasheet!G38:G47,4, Datasheet!N38:N47,3) -> 2 | N76: =COUNTIFS(Datasheet!G38:G47,4, Datasheet!N38:N47,4) -> 2 | O76: =SUM(K76, L76, M76, N76)/10 -> 0.4 | R76: 4 | S76: =COUNTIFS(Datasheet!H38:H47,4, Datasheet!O38:O47,1) -> 0 | T76: =COUNTIFS(Datasheet!H38:H47,4, Datasheet!O38:O47,2) -> 0 | U76: =COUNTIFS(Datasheet!H38:H47,4, Datasheet!O38:O47,3) -> 0 | V76: =COUNTIFS(Datasheet!H38:H47,4, Datasheet!O38:O47,4) -> 6 | W76: =SUM(S76, T76, U76, V76)/10 -> 0.6 | Z76: 4 | AA76: =COUNTIFS(Datasheet!I38:I47,4, Datasheet!P38:P47,1) -> 0 | AB76: =COUNTIFS(Datasheet!I38:I47,4, Datasheet!P38:P47,2) -> 0 | AC76: =COUNTIFS(Datasheet!I38:I47,4, Datasheet!P38:P47,3) -> 2 | AD76: =COUNTIFS(Datasheet!I38:I47,4, Datasheet!P38:P47,4) -> 1 | AE76: =SUM(AA76, AB76, AC76, AD76)/10 -> 0.3 | AH76: 4 | AI76: =COUNTIFS(Datasheet!J38:J47,4, Datasheet!Q38:Q47,1) -> 0 | AJ76: =COUNTIFS(Datasheet!J38:J47,4, Datasheet!Q38:Q47,2) -> 0 | AK76: =COUNTIFS(Datasheet!J38:J47,4, Datasheet!Q38:Q47,3) -> 0 | AL76: =COUNTIFS(Datasheet!J38:J47,4, Datasheet!Q38:Q47,4) -> 8 | AM76: =SUM(AI76, AJ76, AK76, AL76)/10 -> 0.8
B77: Total | C77: =SUM(C73:C76)/10 -> 0 | D77: =SUM(D73:D76)/10 -> 0.1 | E77: =SUM(E73:E76)/10 -> 0.5 | F77: =SUM(F73:F76)/10 -> 0.4 | G77: =SUM(G73:G76) -> 1 | J77: Total | K77: =SUM(K73:K76)/10 -> 0 | L77: =SUM(L73:L76)/10 -> 0.1 | M77: =SUM(M73:M76)/10 -> 0.5 | N77: =SUM(N73:N76)/10 -> 0.4 | O77: =SUM(O73:O76) -> 1 | R77: Total | S77: =SUM(S73:S76)/10 -> 0 | T77: =SUM(T73:T76)/10 -> 0.1 | U77: =SUM(U73:U76)/10 -> 0.2 | V77: =SUM(V73:V76)/10 -> 0.7 | W77: =SUM(W73:W76) -> 1 | Z77: Total | AA77: =SUM(AA73:AA76)/10 -> 0 | AB77: =SUM(AB73:AB76)/10 -> 0.5 | AC77: =SUM(AC73:AC76)/10 -> 0.4 | AD77: =SUM(AD73:AD76)/10 -> 0.1 | AE77: =SUM(AE73:AE76) -> 1 | AH77: Total | AI77: =SUM(AI73:AI76)/10 -> 0 | AJ77: =SUM(AJ73:AJ76)/10 -> 0 | AK77: =SUM(AK73:AK76)/10 -> 0.2 | AL77: =SUM(AL73:AL76)/10 -> 0.8 | AM77: =SUM(AM73:AM76) -> 1
A79: Expected Freq | C79: =(G73*C77)*10 -> 0 | D79: =(G73*D77)*10 -> 0 | E79: =(G73*E77)*10 -> 0 | F79: =(G73*F77)*10 -> 0 | I79: Expected Freq | K79: =(O73*K77)*10 -> 0 | L79: =(O73*L77)*10 -> 0 | M79: =(O73*M77)*10 -> 0 | N79: =(O73*N77)*10 -> 0 | Q79: Expected Freq | S79: =(W73*S77)*10 -> 0 | T79: =(W73*T77)*10 -> 0 | U79: =(W73*U77)*10 -> 0 | V79: =(W73*V77)*10 -> 0 | Y79: Expected Freq | AA79: =(AE73*AA77)*10 -> 0 | AB79: =(AE73*AB77)*10 -> 0 | AC79: =(AE73*AC77)*10 -> 0 | AD79: =(AE73*AD77)*10 -> 0 | AG79: Expected Freq | AI79: =(AM73*AI77)*10 -> 0 | AJ79: =(AM73*AJ77)*10 -> 0 | AK79: =(AM73*AK77)*10 -> 0 | AL79: =(AM73*AL77)*10 -> 0
C80: =(G74*C77)*10 -> 0 | D80: =(G74*D77)*10 -> 0.1 | E80: =(G74*E77)*10 -> 0.5 | F80: =(G74*F77)*10 -> 0.4 | K80: =(O74*K77)*10 -> 0 | L80: =(O74*L77)*10 -> 0.1 | M80: =(O74*M77)*10 -> 0.5 | N80: =(O74*N77)*10 -> 0.4 | S80: =(W74*S77)*10 -> 0 | T80: =(W74*T77)*10 -> 0.2 | U80: =(W74*U77)*10 -> 0.4 | V80: =(W74*V77)*10 -> 1.4 | AA80: =(AE74*AA77)*10 -> 0 | AB80: =(AE74*AB77)*10 -> 2 | AC80: =(AE74*AC77)*10 -> 1.6 | AD80: =(AE74*AD77)*10 -> 0.4 | AI80: =(AM74*AI77)*10 -> 0 | AJ80: =(AM74*AJ77)*10 -> 0 | AK80: =(AM74*AK77)*10 -> 0 | AL80: =(AM74*AL77)*10 -> 0
C81: =(G75*C77)*10 -> 0 | D81: =(G75*D77)*10 -> 0.5 | E81: =(G75*E77)*10 -> 2.5 | F81: =(G75*F77)*10 -> 2 | K81: =(O75*K77)*10 -> 0 | L81: =(O75*L77)*10 -> 0.5 | M81: =(O75*M77)*10 -> 2.5 | N81: =(O75*N77)*10 -> 2 | S81: =(W75*S77)*10 -> 0 | T81: =(W75*T77)*10 -> 0.2 | U81: =(W75*U77)*10 -> 0.4 | V81: =(W75*V77)*10 -> 1.4 | AA81: =(AE75*AA77)*10 -> 0 | AB81: =(AE75*AB77)*10 -> 1.5 | AC81: =(AE75*AC77)*10 -> 1.2 | AD81: =(AE75*AD77)*10 -> 0.3 | AI81: =(AM75*AI77)*10 -> 0 | AJ81: =(AM75*AJ77)*10 -> 0 | AK81: =(AM75*AK77)*10 -> 0.4 | AL81: =(AM75*AL77)*10 -> 1.6
C82: =(G76*C77)*10 -> 0 | D82: =(G76*D77)*10 -> 0.4 | E82: =(G76*E77)*10 -> 2 | F82: =(G76*F77)*10 -> 1.6 | K82: =(O76*K77)*10 -> 0 | L82: =(O76*L77)*10 -> 0.4 | M82: =(O76*M77)*10 -> 2 | N82: =(O76*N77)*10 -> 1.6 | S82: =(W76*S77)*10 -> 0 | T82: =(W76*T77)*10 -> 0.6 | U82: =(W76*U77)*10 -> 1.2 | V82: =(W76*V77)*10 -> 4.2 | AA82: =(AE76*AA77)*10 -> 0 | AB82: =(AE76*AB77)*10 -> 1.5 | AC82: =(AE76*AC77)*10 -> 1.2 | AD82: =(AE76*AD77)*10 -> 0.3 | AI82: =(AM76*AI77)*10 -> 0 | AJ82: =(AM76*AJ77)*10 -> 0 | AK82: =(AM76*AK77)*10 -> 1.6 | AL82: =(AM76*AL77)*10 -> 6.4
A84: Quad. Weighting | C84: =((B73-C72)^2)/((4-1)^2) -> 0 | D84: =((B73-D72)^2)/((4-1)^2) -> 0.11111111 | E84: =((B73-E72)^2)/((4-1)^2) -> 0.44444444 | F84: =((B73-F72)^2)/((4-1)^2) -> 1 | I84: Quad. Weighting | K84: =((J73-K72)^2)/((4-1)^2) -> 0 | L84: =((J73-L72)^2)/((4-1)^2) -> 0.11111111 | M84: =((J73-M72)^2)/((4-1)^2) -> 0.44444444 | N84: =((J73-N72)^2)/((4-1)^2) -> 1 | Q84: Quad. Weighting | S84: =((R73-S72)^2)/((4-1)^2) -> 0 | T84: =((R73-T72)^2)/((4-1)^2) -> 0.11111111 | U84: =((R73-U72)^2)/((4-1)^2) -> 0.44444444 | V84: =((R73-V72)^2)/((4-1)^2) -> 1 | Y84: Quad. Weighting | AA84: =((Z73-AA72)^2)/((4-1)^2) -> 0 | AB84: =((Z73-AB72)^2)/((4-1)^2) -> 0.11111111 | AC84: =((Z73-AC72)^2)/((4-1)^2) -> 0.44444444 | AD84: =((Z73-AD72)^2)/((4-1)^2) -> 1 | AG84: Quad. Weighting | AI84: =((AH73-AI72)^2)/((4-1)^2) -> 0 | AJ84: =((AH73-AJ72)^2)/((4-1)^2) -> 0.11111111 | AK84: =((AH73-AK72)^2)/((4-1)^2) -> 0.44444444 | AL84: =((AH73-AL72)^2)/((4-1)^2) -> 1
C85: =((B74-C72)^2)/((4-1)^2) -> 0.11111111 | D85: =((B74-D72)^2)/((4-1)^2) -> 0 | E85: =((B74-E72)^2)/((4-1)^2) -> 0.11111111 | F85: =((B74-F72)^2)/((4-1)^2) -> 0.44444444 | K85: =((J74-K72)^2)/((4-1)^2) -> 0.11111111 | L85: =((J74-L72)^2)/((4-1)^2) -> 0 | M85: =((J74-M72)^2)/((4-1)^2) -> 0.11111111 | N85: =((J74-N72)^2)/((4-1)^2) -> 0.44444444 | S85: =((R74-S72)^2)/((4-1)^2) -> 0.11111111 | T85: =((R74-T72)^2)/((4-1)^2) -> 0 | U85: =((R74-U72)^2)/((4-1)^2) -> 0.11111111 | V85: =((R74-V72)^2)/((4-1)^2) -> 0.44444444 | AA85: =((Z74-AA72)^2)/((4-1)^2) -> 0.11111111 | AB85: =((Z74-AB72)^2)/((4-1)^2) -> 0 | AC85: =((Z74-AC72)^2)/((4-1)^2) -> 0.11111111 | AD85: =((Z74-AD72)^2)/((4-1)^2) -> 0.44444444 | AI85: =((AH74-AI72)^2)/((4-1)^2) -> 0.11111111 | AJ85: =((AH74-AJ72)^2)/((4-1)^2) -> 0 | AK85: =((AH74-AK72)^2)/((4-1)^2) -> 0.11111111 | AL85: =((AH74-AL72)^2)/((4-1)^2) -> 0.44444444
C86: =((B75-C72)^2)/((4-1)^2) -> 0.44444444 | D86: =((B75-D72)^2)/((4-1)^2) -> 0.11111111 | E86: =((B75-E72)^2)/((4-1)^2) -> 0 | F86: =((B75-F72)^2)/((4-1)^2) -> 0.11111111 | K86: =((J75-K72)^2)/((4-1)^2) -> 0.44444444 | L86: =((J75-L72)^2)/((4-1)^2) -> 0.11111111 | M86: =((J75-M72)^2)/((4-1)^2) -> 0 | N86: =((J75-N72)^2)/((4-1)^2) -> 0.11111111 | S86: =((R75-S72)^2)/((4-1)^2) -> 0.44444444 | T86: =((R75-T72)^2)/((4-1)^2) -> 0.11111111 | U86: =((R75-U72)^2)/((4-1)^2) -> 0 | V86: =((R75-V72)^2)/((4-1)^2) -> 0.11111111 | AA86: =((Z75-AA72)^2)/((4-1)^2) -> 0.44444444 | AB86: =((Z75-AB72)^2)/((4-1)^2) -> 0.11111111 | AC86: =((Z75-AC72)^2)/((4-1)^2) -> 0 | AD86: =((Z75-AD72)^2)/((4-1)^2) -> 0.11111111 | AI86: =((AH75-AI72)^2)/((4-1)^2) -> 0.44444444 | AJ86: =((AH75-AJ72)^2)/((4-1)^2) -> 0.11111111 | AK86: =((AH75-AK72)^2)/((4-1)^2) -> 0 | AL86: =((AH75-AL72)^2)/((4-1)^2) -> 0.11111111
C87: =((B76-C72)^2)/((4-1)^2) -> 1 | D87: =((B76-D72)^2)/((4-1)^2) -> 0.44444444 | E87: =((B76-E72)^2)/((4-1)^2) -> 0.11111111 | F87: =((B76-F72)^2)/((4-1)^2) -> 0 | K87: =((J76-K72)^2)/((4-1)^2) -> 1 | L87: =((J76-L72)^2)/((4-1)^2) -> 0.44444444 | M87: =((J76-M72)^2)/((4-1)^2) -> 0.11111111 | N87: =((J76-N72)^2)/((4-1)^2) -> 0 | S87: =((R76-S72)^2)/((4-1)^2) -> 1 | T87: =((R76-T72)^2)/((4-1)^2) -> 0.44444444 | U87: =((R76-U72)^2)/((4-1)^2) -> 0.11111111 | V87: =((R76-V72)^2)/((4-1)^2) -> 0 | AA87: =((Z76-AA72)^2)/((4-1)^2) -> 1 | AB87: =((Z76-AB72)^2)/((4-1)^2) -> 0.44444444 | AC87: =((Z76-AC72)^2)/((4-1)^2) -> 0.11111111 | AD87: =((Z76-AD72)^2)/((4-1)^2) -> 0 | AI87: =((AH76-AI72)^2)/((4-1)^2) -> 1 | AJ87: =((AH76-AJ72)^2)/((4-1)^2) -> 0.44444444 | AK87: =((AH76-AK72)^2)/((4-1)^2) -> 0.11111111 | AL87: =((AH76-AL72)^2)/((4-1)^2) -> 0
A89: W. Kappa | B89: =1-SUMPRODUCT(C73:F76,C84:F87)/SUMPRODUCT(C79:F82,C84:F87) -> 0.75609756 | I89: W. Kappa | J89: =1-SUMPRODUCT(K73:N76,K84:N87)/SUMPRODUCT(K79:N82,K84:N87) -> 0.51219512 | Q89: W. Kappa | R89: =1-SUMPRODUCT(S73:V76,S84:V87)/SUMPRODUCT(S79:V82,S84:V87) -> 0.82142857 | Y89: W. Kappa | Z89: =1-SUMPRODUCT(AA73:AD76,AA84:AD87)/SUMPRODUCT(AA79:AD82,AA84:AD87) -> 0.59016393 | AG89: W. Kappa | AH89: =1-SUMPRODUCT(AI73:AL76,AI84:AL87)/SUMPRODUCT(AI79:AL82,AI84:AL87) -> 1
A92: Cycle 5 | I92: Cycle 5 | Q92: Cycle 5 | Y92: Cycle 5 | AG92: Cycle 5
D93: Atomicity | L93: Ambiguity | T93: Completeness | AB93: Usability | AJ93: Consistency
A94: Observed Freq. | D94: Evaluator | I94: Observed Freq. | L94: Evaluator | Q94: Observed Freq. | T94: Evaluator | Y94: Observed Freq. | AB94: Evaluator | AG94: Observed Freq. | AJ94: Evaluator
C95: 1 | D95: 2 | E95: 3 | F95: 4 | G95: Total | K95: 1 | L95: 2 | M95: 3 | N95: 4 | O95: Total | S95: 1 | T95: 2 | U95: 3 | V95: 4 | W95: Total | AA95: 1 | AB95: 2 | AC95: 3 | AD95: 4 | AE95: Total | AI95: 1 | AJ95: 2 | AK95: 3 | AL95: 4 | AM95: Total
B96: 1 | C96: =COUNTIFS(Datasheet!F49:F58,1, Datasheet!M49:M58,1) -> 0 | D96: =COUNTIFS(Datasheet!F49:F58,1, Datasheet!M49:M58,2) -> 0 | E96: =COUNTIFS(Datasheet!F49:F58,1, Datasheet!M49:M58,3) -> 0 | F96: =COUNTIFS(Datasheet!F49:F58,1, Datasheet!M49:M58,4) -> 0 | G96: =SUM(C96, D96, E96, F96)/10 -> 0 | J96: 1 | K96: =COUNTIFS(Datasheet!G49:G58,1, Datasheet!N49:N58,1) -> 0 | L96: =COUNTIFS(Datasheet!G49:G58,1, Datasheet!N49:N58,2) -> 0 | M96: =COUNTIFS(Datasheet!G49:G58,1, Datasheet!N49:N58,3) -> 0 | N96: =COUNTIFS(Datasheet!G49:G58,1, Datasheet!N49:N58,4) -> 0 | O96: =SUM(K96, L96, M96, N96)/10 -> 0 | R96: 1 | S96: =COUNTIFS(Datasheet!H49:H58,1, Datasheet!O49:O58,1) -> 0 | T96: =COUNTIFS(Datasheet!H49:H58,1, Datasheet!O49:O58,2) -> 0 | U96: =COUNTIFS(Datasheet!H49:H58,1, Datasheet!O49:O58,3) -> 0 | V96: =COUNTIFS(Datasheet!H49:H58,1, Datasheet!O49:O58,4) -> 0 | W96: =SUM(S96, T96, U96, V96)/10 -> 0 | Z96: 1 | AA96: =COUNTIFS(Datasheet!I49:I58,1, Datasheet!P49:P58,1) -> 0 | AB96: =COUNTIFS(Datasheet!I49:I58,1, Datasheet!P49:P58,2) -> 0 | AC96: =COUNTIFS(Datasheet!I49:I58,1, Datasheet!P49:P58,3) -> 0 | AD96: =COUNTIFS(Datasheet!I49:I58,1, Datasheet!P49:P58,4) -> 0 | AE96: =SUM(AA96, AB96, AC96, AD96)/10 -> 0 | AH96: 1 | AI96: =COUNTIFS(Datasheet!J49:J58,1, Datasheet!Q49:Q58,1) -> 0 | AJ96: =COUNTIFS(Datasheet!J49:J58,1, Datasheet!Q49:Q58,2) -> 0 | AK96: =COUNTIFS(Datasheet!J49:J58,1, Datasheet!Q49:Q58,3) -> 0 | AL96: =COUNTIFS(Datasheet!J49:J58,1, Datasheet!Q49:Q58,4) -> 0 | AM96: =SUM(AI96, AJ96, AK96, AL96)/10 -> 0
A97: Prompt Engineer | B97: 2 | C97: =COUNTIFS(Datasheet!F49:F58,2, Datasheet!M49:M58,1) -> 0 | D97: =COUNTIFS(Datasheet!F49:F58,2, Datasheet!M49:M58,2) -> 0 | E97: =COUNTIFS(Datasheet!F49:F58,2, Datasheet!M49:M58,3) -> 0 | F97: =COUNTIFS(Datasheet!F49:F58,2, Datasheet!M49:M58,4) -> 0 | G97: =SUM(C97, D97, E97, F97)/10 -> 0 | I97: Prompt Engineer | J97: 2 | K97: =COUNTIFS(Datasheet!G49:G58,2, Datasheet!N49:N58,1) -> 0 | L97: =COUNTIFS(Datasheet!G49:G58,2, Datasheet!N49:N58,2) -> 0 | M97: =COUNTIFS(Datasheet!G49:G58,2, Datasheet!N49:N58,3) -> 0 | N97: =COUNTIFS(Datasheet!G49:G58,2, Datasheet!N49:N58,4) -> 0 | O97: =SUM(K97, L97, M97, N97)/10 -> 0 | Q97: Prompt Engineer | R97: 2 | S97: =COUNTIFS(Datasheet!H49:H58,2, Datasheet!O49:O58,1) -> 0 | T97: =COUNTIFS(Datasheet!H49:H58,2, Datasheet!O49:O58,2) -> 0 | U97: =COUNTIFS(Datasheet!H49:H58,2, Datasheet!O49:O58,3) -> 0 | V97: =COUNTIFS(Datasheet!H49:H58,2, Datasheet!O49:O58,4) -> 0 | W97: =SUM(S97, T97, U97, V97)/10 -> 0 | Y97: Prompt Engineer | Z97: 2 | AA97: =COUNTIFS(Datasheet!I49:I58,2, Datasheet!P49:P58,1) -> 0 | AB97: =COUNTIFS(Datasheet!I49:I58,2, Datasheet!P49:P58,2) -> 0 | AC97: =COUNTIFS(Datasheet!I49:I58,2, Datasheet!P49:P58,3) -> 0 | AD97: =COUNTIFS(Datasheet!I49:I58,2, Datasheet!P49:P58,4) -> 0 | AE97: =SUM(AA97, AB97, AC97, AD97)/10 -> 0 | AG97: Prompt Engineer | AH97: 2 | AI97: =COUNTIFS(Datasheet!J49:J58,2, Datasheet!Q49:Q58,1) -> 0 | AJ97: =COUNTIFS(Datasheet!J49:J58,2, Datasheet!Q49:Q58,2) -> 0 | AK97: =COUNTIFS(Datasheet!J49:J58,2, Datasheet!Q49:Q58,3) -> 1 | AL97: =COUNTIFS(Datasheet!J49:J58,2, Datasheet!Q49:Q58,4) -> 0 | AM97: =SUM(AI97, AJ97, AK97, AL97)/10 -> 0.1
B98: 3 | C98: =COUNTIFS(Datasheet!F49:F58,3, Datasheet!M49:M58,1) -> 0 | D98: =COUNTIFS(Datasheet!F49:F58,3, Datasheet!M49:M58,2) -> 0 | E98: =COUNTIFS(Datasheet!F49:F58,3, Datasheet!M49:M58,3) -> 0 | F98: =COUNTIFS(Datasheet!F49:F58,3, Datasheet!M49:M58,4) -> 1 | G98: =SUM(C98, D98, E98, F98)/10 -> 0.1 | J98: 3 | K98: =COUNTIFS(Datasheet!G49:G58,3, Datasheet!N49:N58,1) -> 0 | L98: =COUNTIFS(Datasheet!G49:G58,3, Datasheet!N49:N58,2) -> 0 | M98: =COUNTIFS(Datasheet!G49:G58,3, Datasheet!N49:N58,3) -> 1 | N98: =COUNTIFS(Datasheet!G49:G58,3, Datasheet!N49:N58,4) -> 3 | O98: =SUM(K98, L98, M98, N98)/10 -> 0.4 | R98: 3 | S98: =COUNTIFS(Datasheet!H49:H58,3, Datasheet!O49:O58,1) -> 0 | T98: =COUNTIFS(Datasheet!H49:H58,3, Datasheet!O49:O58,2) -> 0 | U98: =COUNTIFS(Datasheet!H49:H58,3, Datasheet!O49:O58,3) -> 0 | V98: =COUNTIFS(Datasheet!H49:H58,3, Datasheet!O49:O58,4) -> 2 | W98: =SUM(S98, T98, U98, V98)/10 -> 0.2 | Z98: 3 | AA98: =COUNTIFS(Datasheet!I49:I58,3, Datasheet!P49:P58,1) -> 0 | AB98: =COUNTIFS(Datasheet!I49:I58,3, Datasheet!P49:P58,2) -> 0 | AC98: =COUNTIFS(Datasheet!I49:I58,3, Datasheet!P49:P58,3) -> 1 | AD98: =COUNTIFS(Datasheet!I49:I58,3, Datasheet!P49:P58,4) -> 0 | AE98: =SUM(AA98, AB98, AC98, AD98)/10 -> 0.1 | AH98: 3 | AI98: =COUNTIFS(Datasheet!J49:J58,3, Datasheet!Q49:Q58,1) -> 0 | AJ98: =COUNTIFS(Datasheet!J49:J58,3, Datasheet!Q49:Q58,2) -> 0 | AK98: =COUNTIFS(Datasheet!J49:J58,3, Datasheet!Q49:Q58,3) -> 1 | AL98: =COUNTIFS(Datasheet!J49:J58,3, Datasheet!Q49:Q58,4) -> 0 | AM98: =SUM(AI98, AJ98, AK98, AL98)/10 -> 0.1
B99: 4 | C99: =COUNTIFS(Datasheet!F49:F58,4, Datasheet!M49:M58,1) -> 0 | D99: =COUNTIFS(Datasheet!F49:F58,4, Datasheet!M49:M58,2) -> 0 | E99: =COUNTIFS(Datasheet!F49:F58,4, Datasheet!M49:M58,3) -> 2 | F99: =COUNTIFS(Datasheet!F49:F58,4, Datasheet!M49:M58,4) -> 7 | G99: =SUM(C99, D99, E99, F99)/10 -> 0.9 | J99: 4 | K99: =COUNTIFS(Datasheet!G49:G58,4, Datasheet!N49:N58,1) -> 0 | L99: =COUNTIFS(Datasheet!G49:G58,4, Datasheet!N49:N58,2) -> 0 | M99: =COUNTIFS(Datasheet!G49:G58,4, Datasheet!N49:N58,3) -> 0 | N99: =COUNTIFS(Datasheet!G49:G58,4, Datasheet!N49:N58,4) -> 6 | O99: =SUM(K99, L99, M99, N99)/10 -> 0.6 | R99: 4 | S99: =COUNTIFS(Datasheet!H49:H58,4, Datasheet!O49:O58,1) -> 0 | T99: =COUNTIFS(Datasheet!H49:H58,4, Datasheet!O49:O58,2) -> 0 | U99: =COUNTIFS(Datasheet!H49:H58,4, Datasheet!O49:O58,3) -> 1 | V99: =COUNTIFS(Datasheet!H49:H58,4, Datasheet!O49:O58,4) -> 7 | W99: =SUM(S99, T99, U99, V99)/10 -> 0.8 | Z99: 4 | AA99: =COUNTIFS(Datasheet!I49:I58,4, Datasheet!P49:P58,1) -> 0 | AB99: =COUNTIFS(Datasheet!I49:I58,4, Datasheet!P49:P58,2) -> 0 | AC99: =COUNTIFS(Datasheet!I49:I58,4, Datasheet!P49:P58,3) -> 6 | AD99: =COUNTIFS(Datasheet!I49:I58,4, Datasheet!P49:P58,4) -> 3 | AE99: =SUM(AA99, AB99, AC99, AD99)/10 -> 0.9 | AH99: 4 | AI99: =COUNTIFS(Datasheet!J49:J58,4, Datasheet!Q49:Q58,1) -> 0 | AJ99: =COUNTIFS(Datasheet!J49:J58,4, Datasheet!Q49:Q58,2) -> 0 | AK99: =COUNTIFS(Datasheet!J49:J58,4, Datasheet!Q49:Q58,3) -> 2 | AL99: =COUNTIFS(Datasheet!J49:J58,4, Datasheet!Q49:Q58,4) -> 6 | AM99: =SUM(AI99, AJ99, AK99, AL99)/10 -> 0.8
B100: Total | C100: =SUM(C96:C99)/10 -> 0 | D100: =SUM(D96:D99)/10 -> 0 | E100: =SUM(E96:E99)/10 -> 0.2 | F100: =SUM(F96:F99)/10 -> 0.8 | G100: =SUM(G96:G99) -> 1 | J100: Total | K100: =SUM(K96:K99)/10 -> 0 | L100: =SUM(L96:L99)/10 -> 0 | M100: =SUM(M96:M99)/10 -> 0.1 | N100: =SUM(N96:N99)/10 -> 0.9 | O100: =SUM(O96:O99) -> 1 | R100: Total | S100: =SUM(S96:S99)/10 -> 0 | T100: =SUM(T96:T99)/10 -> 0 | U100: =SUM(U96:U99)/10 -> 0.1 | V100: =SUM(V96:V99)/10 -> 0.9 | W100: =SUM(W96:W99) -> 1 | Z100: Total | AA100: =SUM(AA96:AA99)/10 -> 0 | AB100: =SUM(AB96:AB99)/10 -> 0 | AC100: =SUM(AC96:AC99)/10 -> 0.7 | AD100: =SUM(AD96:AD99)/10 -> 0.3 | AE100: =SUM(AE96:AE99) -> 1 | AH100: Total | AI100: =SUM(AI96:AI99)/10 -> 0 | AJ100: =SUM(AJ96:AJ99)/10 -> 0 | AK100: =SUM(AK96:AK99)/10 -> 0.4 | AL100: =SUM(AL96:AL99)/10 -> 0.6 | AM100: =SUM(AM96:AM99) -> 1
A102: Expected Freq | C102: =(G96*C100)*10 -> 0 | D102: =(G96*D100)*10 -> 0 | E102: =(G96*E100)*10 -> 0 | F102: =(G96*F100)*10 -> 0 | I102: Expected Freq | K102: =(O96*K100)*10 -> 0 | L102: =(O96*L100)*10 -> 0 | M102: =(O96*M100)*10 -> 0 | N102: =(O96*N100)*10 -> 0 | Q102: Expected Freq | S102: =(W96*S100)*10 -> 0 | T102: =(W96*T100)*10 -> 0 | U102: =(W96*U100)*10 -> 0 | V102: =(W96*V100)*10 -> 0 | Y102: Expected Freq | AA102: =(AE96*AA100)*10 -> 0 | AB102: =(AE96*AB100)*10 -> 0 | AC102: =(AE96*AC100)*10 -> 0 | AD102: =(AE96*AD100)*10 -> 0 | AG102: Expected Freq | AI102: =(AM96*AI100)*10 -> 0 | AJ102: =(AM96*AJ100)*10 -> 0 | AK102: =(AM96*AK100)*10 -> 0 | AL102: =(AM96*AL100)*10 -> 0
C103: =(G97*C100)*10 -> 0 | D103: =(G97*D100)*10 -> 0 | E103: =(G97*E100)*10 -> 0 | F103: =(G97*F100)*10 -> 0 | K103: =(O97*K100)*10 -> 0 | L103: =(O97*L100)*10 -> 0 | M103: =(O97*M100)*10 -> 0 | N103: =(O97*N100)*10 -> 0 | S103: =(W97*S100)*10 -> 0 | T103: =(W97*T100)*10 -> 0 | U103: =(W97*U100)*10 -> 0 | V103: =(W97*V100)*10 -> 0 | AA103: =(AE97*AA100)*10 -> 0 | AB103: =(AE97*AB100)*10 -> 0 | AC103: =(AE97*AC100)*10 -> 0 | AD103: =(AE97*AD100)*10 -> 0 | AI103: =(AM97*AI100)*10 -> 0 | AJ103: =(AM97*AJ100)*10 -> 0 | AK103: =(AM97*AK100)*10 -> 0.4 | AL103: =(AM97*AL100)*10 -> 0.6
C104: =(G98*C100)*10 -> 0 | D104: =(G98*D100)*10 -> 0 | E104: =(G98*E100)*10 -> 0.2 | F104: =(G98*F100)*10 -> 0.8 | K104: =(O98*K100)*10 -> 0 | L104: =(O98*L100)*10 -> 0 | M104: =(O98*M100)*10 -> 0.4 | N104: =(O98*N100)*10 -> 3.6 | S104: =(W98*S100)*10 -> 0 | T104: =(W98*T100)*10 -> 0 | U104: =(W98*U100)*10 -> 0.2 | V104: =(W98*V100)*10 -> 1.8 | AA104: =(AE98*AA100)*10 -> 0 | AB104: =(AE98*AB100)*10 -> 0 | AC104: =(AE98*AC100)*10 -> 0.7 | AD104: =(AE98*AD100)*10 -> 0.3 | AI104: =(AM98*AI100)*10 -> 0 | AJ104: =(AM98*AJ100)*10 -> 0 | AK104: =(AM98*AK100)*10 -> 0.4 | AL104: =(AM98*AL100)*10 -> 0.6
C105: =(G99*C100)*10 -> 0 | D105: =(G99*D100)*10 -> 0 | E105: =(G99*E100)*10 -> 1.8 | F105: =(G99*F100)*10 -> 7.2 | K105: =(O99*K100)*10 -> 0 | L105: =(O99*L100)*10 -> 0 | M105: =(O99*M100)*10 -> 0.6 | N105: =(O99*N100)*10 -> 5.4 | S105: =(W99*S100)*10 -> 0 | T105: =(W99*T100)*10 -> 0 | U105: =(W99*U100)*10 -> 0.8 | V105: =(W99*V100)*10 -> 7.2 | AA105: =(AE99*AA100)*10 -> 0 | AB105: =(AE99*AB100)*10 -> 0 | AC105: =(AE99*AC100)*10 -> 6.3 | AD105: =(AE99*AD100)*10 -> 2.7 | AI105: =(AM99*AI100)*10 -> 0 | AJ105: =(AM99*AJ100)*10 -> 0 | AK105: =(AM99*AK100)*10 -> 3.2 | AL105: =(AM99*AL100)*10 -> 4.8
A107: Quad. Weighting | C107: =((B96-C95)^2)/((4-1)^2) -> 0 | D107: =((B96-D95)^2)/((4-1)^2) -> 0.11111111 | E107: =((B96-E95)^2)/((4-1)^2) -> 0.44444444 | F107: =((B96-F95)^2)/((4-1)^2) -> 1 | I107: Quad. Weighting | K107: =((J96-K95)^2)/((4-1)^2) -> 0 | L107: =((J96-L95)^2)/((4-1)^2) -> 0.11111111 | M107: =((J96-M95)^2)/((4-1)^2) -> 0.44444444 | N107: =((J96-N95)^2)/((4-1)^2) -> 1 | Q107: Quad. Weighting | S107: =((R96-S95)^2)/((4-1)^2) -> 0 | T107: =((R96-T95)^2)/((4-1)^2) -> 0.11111111 | U107: =((R96-U95)^2)/((4-1)^2) -> 0.44444444 | V107: =((R96-V95)^2)/((4-1)^2) -> 1 | Y107: Quad. Weighting | AA107: =((Z96-AA95)^2)/((4-1)^2) -> 0 | AB107: =((Z96-AB95)^2)/((4-1)^2) -> 0.11111111 | AC107: =((Z96-AC95)^2)/((4-1)^2) -> 0.44444444 | AD107: =((Z96-AD95)^2)/((4-1)^2) -> 1 | AG107: Quad. Weighting | AI107: =((AH96-AI95)^2)/((4-1)^2) -> 0 | AJ107: =((AH96-AJ95)^2)/((4-1)^2) -> 0.11111111 | AK107: =((AH96-AK95)^2)/((4-1)^2) -> 0.44444444 | AL107: =((AH96-AL95)^2)/((4-1)^2) -> 1
C108: =((B97-C95)^2)/((4-1)^2) -> 0.11111111 | D108: =((B97-D95)^2)/((4-1)^2) -> 0 | E108: =((B97-E95)^2)/((4-1)^2) -> 0.11111111 | F108: =((B97-F95)^2)/((4-1)^2) -> 0.44444444 | K108: =((J97-K95)^2)/((4-1)^2) -> 0.11111111 | L108: =((J97-L95)^2)/((4-1)^2) -> 0 | M108: =((J97-M95)^2)/((4-1)^2) -> 0.11111111 | N108: =((J97-N95)^2)/((4-1)^2) -> 0.44444444 | S108: =((R97-S95)^2)/((4-1)^2) -> 0.11111111 | T108: =((R97-T95)^2)/((4-1)^2) -> 0 | U108: =((R97-U95)^2)/((4-1)^2) -> 0.11111111 | V108: =((R97-V95)^2)/((4-1)^2) -> 0.44444444 | AA108: =((Z97-AA95)^2)/((4-1)^2) -> 0.11111111 | AB108: =((Z97-AB95)^2)/((4-1)^2) -> 0 | AC108: =((Z97-AC95)^2)/((4-1)^2) -> 0.11111111 | AD108: =((Z97-AD95)^2)/((4-1)^2) -> 0.44444444 | AI108: =((AH97-AI95)^2)/((4-1)^2) -> 0.11111111 | AJ108: =((AH97-AJ95)^2)/((4-1)^2) -> 0 | AK108: =((AH97-AK95)^2)/((4-1)^2) -> 0.11111111 | AL108: =((AH97-AL95)^2)/((4-1)^2) -> 0.44444444
C109: =((B98-C95)^2)/((4-1)^2) -> 0.44444444 | D109: =((B98-D95)^2)/((4-1)^2) -> 0.11111111 | E109: =((B98-E95)^2)/((4-1)^2) -> 0 | F109: =((B98-F95)^2)/((4-1)^2) -> 0.11111111 | K109: =((J98-K95)^2)/((4-1)^2) -> 0.44444444 | L109: =((J98-L95)^2)/((4-1)^2) -> 0.11111111 | M109: =((J98-M95)^2)/((4-1)^2) -> 0 | N109: =((J98-N95)^2)/((4-1)^2) -> 0.11111111 | S109: =((R98-S95)^2)/((4-1)^2) -> 0.44444444 | T109: =((R98-T95)^2)/((4-1)^2) -> 0.11111111 | U109: =((R98-U95)^2)/((4-1)^2) -> 0 | V109: =((R98-V95)^2)/((4-1)^2) -> 0.11111111 | AA109: =((Z98-AA95)^2)/((4-1)^2) -> 0.44444444 | AB109: =((Z98-AB95)^2)/((4-1)^2) -> 0.11111111 | AC109: =((Z98-AC95)^2)/((4-1)^2) -> 0 | AD109: =((Z98-AD95)^2)/((4-1)^2) -> 0.11111111 | AI109: =((AH98-AI95)^2)/((4-1)^2) -> 0.44444444 | AJ109: =((AH98-AJ95)^2)/((4-1)^2) -> 0.11111111 | AK109: =((AH98-AK95)^2)/((4-1)^2) -> 0 | AL109: =((AH98-AL95)^2)/((4-1)^2) -> 0.11111111
C110: =((B99-C95)^2)/((4-1)^2) -> 1 | D110: =((B99-D95)^2)/((4-1)^2) -> 0.44444444 | E110: =((B99-E95)^2)/((4-1)^2) -> 0.11111111 | F110: =((B99-F95)^2)/((4-1)^2) -> 0 | K110: =((J99-K95)^2)/((4-1)^2) -> 1 | L110: =((J99-L95)^2)/((4-1)^2) -> 0.44444444 | M110: =((J99-M95)^2)/((4-1)^2) -> 0.11111111 | N110: =((J99-N95)^2)/((4-1)^2) -> 0 | S110: =((R99-S95)^2)/((4-1)^2) -> 1 | T110: =((R99-T95)^2)/((4-1)^2) -> 0.44444444 | U110: =((R99-U95)^2)/((4-1)^2) -> 0.11111111 | V110: =((R99-V95)^2)/((4-1)^2) -> 0 | AA110: =((Z99-AA95)^2)/((4-1)^2) -> 1 | AB110: =((Z99-AB95)^2)/((4-1)^2) -> 0.44444444 | AC110: =((Z99-AC95)^2)/((4-1)^2) -> 0.11111111 | AD110: =((Z99-AD95)^2)/((4-1)^2) -> 0 | AI110: =((AH99-AI95)^2)/((4-1)^2) -> 1 | AJ110: =((AH99-AJ95)^2)/((4-1)^2) -> 0.44444444 | AK110: =((AH99-AK95)^2)/((4-1)^2) -> 0.11111111 | AL110: =((AH99-AL95)^2)/((4-1)^2) -> 0
A112: W. Kappa | B112: =1-SUMPRODUCT(C96:F99,C107:F110)/SUMPRODUCT(C102:F105,C107:F110) -> -0.15384615 | I112: W. Kappa | J112: =1-(SUMPRODUCT(K96:N99,K107:N110)/SUMPRODUCT(K102:N105,K107:N110)) -> 0.28571429 | Q112: W. Kappa | R112: =1-(SUMPRODUCT(S96:V99,S107:V110)/SUMPRODUCT(S102:V105,S107:V110)) -> -0.15384615 | Y112: W. Kappa | Z112: =1-(SUMPRODUCT(AA96:AD99,AA107:AD110)/SUMPRODUCT(AA102:AD105,AA107:AD110)) -> 0.090909091 | AG112: W. Kappa | AH112: =1-(SUMPRODUCT(AI96:AL99,AI107:AL110)/SUMPRODUCT(AI102:AL105,AI107:AL110)) -> 0.54545455

Sheet Agreement and Disagreement
B1: Raw Agreement (%) | J1: Median Distance of Disagreement for Each Quality Per Cycle
B3: Atomicity | C3: Ambiguity | D3: Completeness | E3: Usability | F3: Consistency | J3: Atomicity | K3: Ambiguity | L3: Completeness | M3: Usability | N3: Consistency
A4: Cycle 1 | B4: =COUNTIF(Datasheet!AA5:AA14,0)/10 -> 0.2 | C4: =COUNTIF(Datasheet!AB5:AB14,0)/10 -> 0.2 | D4: =COUNTIF(Datasheet!AC5:AC14,0)/10 -> 0.2 | E4: =COUNTIF(Datasheet!AD5:AD14,0)/10 -> 1 | F4: =COUNTIF(Datasheet!AE5:AE14,0)/10 -> 0.4 | I4: Cycle 1 | J4: =MEDIAN(Datasheet!AA5:AA14) -> 1 | K4: =MEDIAN(Datasheet!AB5:AB14) -> 1 | L4: =MEDIAN(Datasheet!AC5:AC14) -> 1 | M4: =MEDIAN(Datasheet!AD5:AD14) -> 0 | N4: =MEDIAN(Datasheet!AE5:AE14) -> 1
A5: Cycle 2 | B5: =COUNTIF(Datasheet!AA16:AA25,0)/10 -> 0.5 | C5: =COUNTIF(Datasheet!AB16:AB25,0)/10 -> 0.1 | D5: =COUNTIF(Datasheet!AC16:AC25,0)/10 -> 0.5 | E5: =COUNTIF(Datasheet!AD16:AD25,0)/10 -> 0.8 | F5: =COUNTIF(Datasheet!AE16:AE25,0)/10 -> 0.5 | I5: Cycle 2 | J5: =MEDIAN(Datasheet!AA16:AA25) -> 0.5 | K5: =MEDIAN(Datasheet!AB16:AB25) -> 1 | L5: =MEDIAN(Datasheet!AC16:AC25) -> 0.5 | M5: =MEDIAN(Datasheet!AD16:AD25) -> 0 | N5: =MEDIAN(Datasheet!AE16:AE25) -> 0.5
A6: Cycle 3 | B6: =COUNTIF(Datasheet!AA27:AA36,0)/10 -> 0.8 | C6: =COUNTIF(Datasheet!AB27:AB36,0)/10 -> 0.4 | D6: =COUNTIF(Datasheet!AC27:AC36,0)/10 -> 0.2 | E6: =COUNTIF(Datasheet!AD27:AD36,0)/10 -> 0.7 | F6: =COUNTIF(Datasheet!AE27:AE36,0)/10 -> 0.7 | I6: Cycle 3 | J6: =MEDIAN(Datasheet!AA27:AA36) -> 0 | K6: =MEDIAN(Datasheet!AB27:AB36) -> 1 | L6: =MEDIAN(Datasheet!AC27:AC36) -> 1 | M6: =MEDIAN(Datasheet!AD27:AD36) -> 0 | N6: =MEDIAN(Datasheet!AE27:AE36) -> 0
A7: Cycle 4 | B7: =COUNTIF(Datasheet!AA38:AA47,0)/10 -> 0.8 | C7: =COUNTIF(Datasheet!AB38:AB47,0)/10 -> 0.6 | D7: =COUNTIF(Datasheet!AC38:AC47,0)/10 -> 0.8 | E7: =COUNTIF(Datasheet!AD38:AD47,0)/10 -> 0.5 | F7: =COUNTIF(Datasheet!AE38:AE47,0)/10 -> 1 | I7: Cycle 4 | J7: =MEDIAN(Datasheet!AA38:AA47) -> 0 | K7: =MEDIAN(Datasheet!AB38:AB47) -> 0 | L7: =MEDIAN(Datasheet!AC38:AC47) -> 0 | M7: =MEDIAN(Datasheet!AD38:AD47) -> 0.5 | N7: =MEDIAN(Datasheet!AE38:AE47) -> 0
A8: Cycle 5 | B8: =COUNTIF(Datasheet!AA49:AA58,0)/10 -> 0.7 | C8: =COUNTIF(Datasheet!AB49:AB58,0)/10 -> 0.7 | D8: =COUNTIF(Datasheet!AC49:AC58,0)/10 -> 0.7 | E8: =COUNTIF(Datasheet!AD49:AD58,0)/10 -> 0.4 | F8: =COUNTIF(Datasheet!AE49:AE58,0)/10 -> 0.7 | I8: Cycle 5 | J8: =MEDIAN(Datasheet!AA49:AA58) -> 0 | K8: =MEDIAN(Datasheet!AB49:AB58) -> 0 | L8: =MEDIAN(Datasheet!AC49:AC58) -> 0 | M8: =MEDIAN(Datasheet!AD49:AD58) -> 1 | N8: =MEDIAN(Datasheet!AE49:AE58) -> 0
A9: Median | B9: =MEDIAN(B4:B8) -> 0.7 | C9: =MEDIAN(C4:C8) -> 0.4 | D9: =MEDIAN(D4:D8) -> 0.5 | E9: =MEDIAN(E4:E8) -> 0.7 | F9: =MEDIAN(F4:F8) -> 0.7

Sheet Plot
C1: Average correctness ratings
A2: Entry | B2: Combined averages of quality ratings | C2: Cycle 1 | D2: Cycle 2 | E2: Cycle 3 | F2: Cycle 4 | G2: Cycle 5
A3: 6 | B3: =Datasheet!D5 -> 2.4 | C3: =Datasheet!S5 -> 3.5
A4: 64 | B4: =Datasheet!D6 -> 2.7 | C4: =Datasheet!S6 -> 2.5
A5: 73 | B5: =Datasheet!D7 -> 2.7 | C5: =Datasheet!S7 -> 2
A6: 266 | B6: =Datasheet!D8 -> 2.6 | C6: =Datasheet!S8 -> 3.5
A7: 317 | B7: =Datasheet!D9 -> 2.3 | C7: =Datasheet!S9 -> 2.5
A8: 375 | B8: =Datasheet!D10 -> 2.5 | C8: =Datasheet!S10 -> 2.5
A9: 411 | B9: =Datasheet!D11 -> 2.4 | C9: =Datasheet!S11 -> 3
A10: 457 | B10: =Datasheet!D12 -> 2.2 | C10: =Datasheet!S12 -> 3
A11: 467 | B11: =Datasheet!D13 -> 2.8 | C11: =Datasheet!S13 -> 3
A12: 540 | B12: =Datasheet!D14 -> 2.8 | C12: =Datasheet!S14 -> 3
A15: 150 | B15: =Datasheet!D16 -> 3.1 | D15: =Datasheet!S16 -> 4
A16: 220 | B16: =Datasheet!D17 -> 2.8 | D16: =Datasheet!S17 -> 3
A17: 272 | B17: =Datasheet!D18 -> 3.1 | D17: =Datasheet!S18 -> 4
A18: 418 | B18: =Datasheet!D19 -> 3.1 | D18: =Datasheet!S19 -> 4
A19: 451 | B19: =Datasheet!D20 -> 2.8 | D19: =Datasheet!S20 -> 4
A20: 475 | B20: =Datasheet!D21 -> 2.9 | D20: =Datasheet!S21 -> 4
A21: 50 | B21: =Datasheet!D22 -> 3.2 | D21: =Datasheet!S22 -> 4
A22: 511 | B22: =Datasheet!D23 -> 2.8 | D22: =Datasheet!S23 -> 3.5
A23: 529 | B23: =Datasheet!D24 -> 3 | D23: =Datasheet!S24 -> 3.5
A24: 531 | B24: =Datasheet!D25 -> 2.8 | D24: =Datasheet!S25 -> 3.5
A27: 58 | B27: =Datasheet!D27 -> 3.2 | E27: =Datasheet!S27 -> 4
A28: 77 | B28: =Datasheet!D28 -> 2.8 | E28: =Datasheet!S28 -> 3.5
A29: 92 | B29: =Datasheet!D29 -> 3 | E29: =Datasheet!S29 -> 4
A30: 124 | B30: =Datasheet!D30 -> 2.9 | E30: =Datasheet!S30 -> 3.5
A31: 155 | B31: =Datasheet!D31 -> 3.4 | E31: =Datasheet!S31 -> 4
A32: 248 | B32: =Datasheet!D32 -> 2.6 | E32: =Datasheet!S32 -> 4
A33: 256 | B33: =Datasheet!D33 -> 3.1 | E33: =Datasheet!S33 -> 4
A34: 345 | B34: =Datasheet!D34 -> 3.2 | E34: =Datasheet!S34 -> 4
A35: 380 | B35: =Datasheet!D35 -> 3.2 | E35: =Datasheet!S35 -> 3
A36: 552 | B36: =Datasheet!D36 -> 3.2 | E36: =Datasheet!S36 -> 4
A39: 32 | B39: =Datasheet!D38 -> 3.4 | F39: =Datasheet!S38 -> 4
A40: 41 | B40: =Datasheet!D39 -> 3.5 | F40: =Datasheet!S39 -> 4
A41: 194 | B41: =Datasheet!D40 -> 4 | F41: =Datasheet!S40 -> 4
A42: 321 | B42: =Datasheet!D41 -> 2.9 | F42: =Datasheet!S41 -> 3.5
A43: 376 | B43: =Datasheet!D42 -> 3.1 | F43: =Datasheet!S42 -> 4
A44: 402 | B44: =Datasheet!D43 -> 3.3 | F44: =Datasheet!S43 -> 4
A45: 435 | B45: =Datasheet!D44 -> 3.1 | F45: =Datasheet!S44 -> 3
A46: 440 | B46: =Datasheet!D45 -> 2.9 | F46: =Datasheet!S45 -> 3.5
A47: 485 | B47: =Datasheet!D46 -> 3.7 | F47: =Datasheet!S46 -> 3
A48: 566 | B48: =Datasheet!D47 -> 3.4 | F48: =Datasheet!S47 -> 4
A51: 89 | B51: =Datasheet!D49 -> 3.9 | G51: =Datasheet!S49 -> 4
A52: 108 | B52: =Datasheet!D50 -> 3.8 | G52: =Datasheet!S50 -> 4
A53: 109 | B53: =Datasheet!D51 -> 3.6 | G53: =Datasheet!S51 -> 4
A54: 325 | B54: =Datasheet!D52 -> 3.6 | G54: =Datasheet!S52 -> 4
A55: 371 | B55: =Datasheet!D53 -> 3.4 | G55: =Datasheet!S53 -> 4
A56: 432 | B56: =Datasheet!D54 -> 3.9 | G56: =Datasheet!S54 -> 4
A57: 493 | B57: =Datasheet!D55 -> 3.8 | G57: =Datasheet!S55 -> 4
A58: 515 | B58: =Datasheet!D56 -> 3.6 | G58: =Datasheet!S56 -> 4
A59: 549 | B59: =Datasheet!D57 -> 4 | G59: =Datasheet!S57 -> 3.5
A60: 584 | B60: =Datasheet!D58 -> 3.8 | G60: =Datasheet!S58 -> 4

Sheet Kendall
A1: Cycle | B1: Average quality rating (combined) | C1: Average correctness rating
A2: 1 | B2: =Datasheet!D5 -> 2.4 | C2: =Datasheet!S5 -> 3.5
A3: 1 | B3: =Datasheet!D6 -> 2.7 | C3: =Datasheet!S6 -> 2.5
A4: 1 | B4: =Datasheet!D7 -> 2.7 | C4: =Datasheet!S7 -> 2
A5: 1 | B5: =Datasheet!D8 -> 2.6 | C5: =Datasheet!S8 -> 3.5
A6: 1 | B6: =Datasheet!D9 -> 2.3 | C6: =Datasheet!S9 -> 2.5
A7: 1 | B7: =Datasheet!D10 -> 2.5 | C7: =Datasheet!S10 -> 2.5
A8: 1 | B8: =Datasheet!D11 -> 2.4 | C8: =Datasheet!S11 -> 3
A9: 1 | B9: =Datasheet!D12 -> 2.2 | C9: =Datasheet!S12 -> 3
A10: 1 | B10: =Datasheet!D13 -> 2.8 | C10: =Datasheet!S13 -> 3
A11: 1 | B11: =Datasheet!D14 -> 2.8 | C11: =Datasheet!S14 -> 3
A12: 2 | B12: =Datasheet!D16 -> 3.1 | C12: =Datasheet!S16 -> 4
A13: 2 | B13: =Datasheet!D17 -> 2.8 | C13: =Datasheet!S17 -> 3
A14: 2 | B14: =Datasheet!D18 -> 3.1 | C14: =Datasheet!S18 -> 4
A15: 2 | B15: =Datasheet!D19 -> 3.1 | C15: =Datasheet!S19 -> 4
A16: 2 | B16: =Datasheet!D20 -> 2.8 | C16: =Datasheet!S20 -> 4
A17: 2 | B17: =Datasheet!D21 -> 2.9 | C17: =Datasheet!S21 -> 4
A18: 2 | B18: =Datasheet!D22 -> 3.2 | C18: =Datasheet!S22 -> 4
A19: 2 | B19: =Datasheet!D23 -> 2.8 | C19: =Datasheet!S23 -> 3.5
A20: 2 | B20: =Datasheet!D24 -> 3 | C20: =Datasheet!S24 -> 3.5
A21: 2 | B21: =Datasheet!D25 -> 2.8 | C21: =Datasheet!S25 -> 3.5
A22: 3 | B22: =Datasheet!D27 -> 3.2 | C22: =Datasheet!S27 -> 4
A23: 3 | B23: =Datasheet!D28 -> 2.8 | C23: =Datasheet!S28 -> 3.5
A24: 3 | B24: =Datasheet!D29 -> 3 | C24: =Datasheet!S29 -> 4
A25: 3 | B25: =Datasheet!D30 -> 2.9 | C25: =Datasheet!S30 -> 3.5
A26: 3 | B26: =Datasheet!D31 -> 3.4 | C26: =Datasheet!S31 -> 4
A27: 3 | B27: =Datasheet!D32 -> 2.6 | C27: =Datasheet!S32 -> 4
A28: 3 | B28: =Datasheet!D33 -> 3.1 | C28: =Datasheet!S33 -> 4
A29: 3 | B29: =Datasheet!D34 -> 3.2 | C29: =Datasheet!S34 -> 4
A30: 3 | B30: =Datasheet!D35 -> 3.2 | C30: =Datasheet!S35 -> 3
A31: 3 | B31: =Datasheet!D36 -> 3.2 | C31: =Datasheet!S36 -> 4
A32: 4 | B32: =Datasheet!D38 -> 3.4 | C32: =Datasheet!S38 -> 4
A33: 4 | B33: =Datasheet!D39 -> 3.5 | C33: =Datasheet!S39 -> 4
A34: 4 | B34: =Datasheet!D40 -> 4 | C34: =Datasheet!S40 -> 4
A35: 4 | B35: =Datasheet!D41 -> 2.9 | C35: =Datasheet!S41 -> 3.5
A36: 4 | B36: =Datasheet!D42 -> 3.1 | C36: =Datasheet!S42 -> 4
A37: 4 | B37: =Datasheet!D43 -> 3.3 | C37: =Datasheet!S43 -> 4
A38: 4 | B38: =Datasheet!D44 -> 3.1 | C38: =Datasheet!S44 -> 3
A39: 4 | B39: =Datasheet!D45 -> 2.9 | C39: =Datasheet!S45 -> 3.5
A40: 4 | B40: =Datasheet!D46 -> 3.7 | C40: =Datasheet!S46 -> 3
A41: 4 | B41: =Datasheet!D47 -> 3.4 | C41: =Datasheet!S47 -> 4
A42: 5 | B42: =Datasheet!D49 -> 3.9 | C42: =Datasheet!S49 -> 4
A43: 5 | B43: =Datasheet!D50 -> 3.8 | C43: =Datasheet!S50 -> 4
A44: 5 | B44: =Datasheet!D51 -> 3.6 | C44: =Datasheet!S51 -> 4
A45: 5 | B45: =Datasheet!D52 -> 3.6 | C45: =Datasheet!S52 -> 4
A46: 5 | B46: =Datasheet!D53 -> 3.4 | C46: =Datasheet!S53 -> 4
A47: 5 | B47: =Datasheet!D54 -> 3.9 | C47: =Datasheet!S54 -> 4
A48: 5 | B48: =Datasheet!D55 -> 3.8 | C48: =Datasheet!S55 -> 4
A49: 5 | B49: =Datasheet!D56 -> 3.6 | C49: =Datasheet!S56 -> 4
A50: 5 | B50: =Datasheet!D57 -> 4 | C50: =Datasheet!S57 -> 3.5
A51: 5 | B51: =Datasheet!D58 -> 3.8 | C51: =Datasheet!S58 -> 4

Sheet Quality Distribution
A1: Cycle | B1: Min | C1: Q1 | D1: Median | E1: Q3 | F1: Max
A2: 1 | B2: =MIN(Plot!B3:B12) -> 2.2 | C2: =QUARTILE(Plot!B3:B12,1) -> 2.4 | D2: =MEDIAN(Plot!B3:B12) -> 2.55 | E2: =QUARTILE(Plot!B3:B12,3) -> 2.7 | F2: =MAX(Plot!B3:B12) -> 2.8
A3: 2 | B3: =MIN(Plot!B15:B24) -> 2.8 | C3: =QUARTILE(Plot!B15:B24,1) -> 2.8 | D3: =MEDIAN(Plot!B15:B24) -> 2.95 | E3: =QUARTILE(Plot!B15:B24,3) -> 3.1 | F3: =MAX(Plot!B15:B24) -> 3.2
A4: 3 | B4: =MIN(Plot!B27:B36) -> 2.6 | C4: =QUARTILE(Plot!B27:B36,1) -> 2.925 | D4: =MEDIAN(Plot!B27:B36) -> 3.15 | E4: =QUARTILE(Plot!B27:B36,3) -> 3.2 | F4: =MAX(Plot!B27:B36) -> 3.4
A5: 4 | B5: =MIN(Plot!B39:B48) -> 2.9 | C5: =QUARTILE(Plot!B39:B48,1) -> 3.1 | D5: =MEDIAN(Plot!B39:B48) -> 3.35 | E5: =QUARTILE(Plot!B39:B48,3) -> 3.475 | F5: =MAX(Plot!B39:B48) -> 4
A6: 5 | B6: =MIN(Plot!B51:B60) -> 3.4 | C6: =QUARTILE(Plot!B51:B60,1) -> 3.6 | D6: =MEDIAN(Plot!B51:B60) -> 3.8 | E6: =QUARTILE(Plot!B51:B60,3) -> 3.875 | F6: =MAX(Plot!B51:B60) -> 4
A10: Cycle | B10: Atomicity median | C10: Ambiguity median | D10: Completeness median | E10: Usability median | F10: Consistency median
A11: 1 | B11: =MEDIAN(Datasheet!F5:F14) -> 1.5 | C11: =MEDIAN(Datasheet!G5:G14) -> 3 | D11: =MEDIAN(Datasheet!H5:H14) -> 3 | E11: =MEDIAN(Datasheet!I5:I14) -> 1 | F11: =MEDIAN(Datasheet!J5:J14) -> 3.5
A12: 2 | B12: =MEDIAN(Datasheet!F16:F25) -> 3 | C12: =MEDIAN(Datasheet!G16:G25) -> 3.5 | D12: =MEDIAN(Datasheet!H16:H25) -> 3 | E12: =MEDIAN(Datasheet!I16:I25) -> 1 | F12: =MEDIAN(Datasheet!J16:J25) -> 3.5
A13: 3 | B13: =MEDIAN(Datasheet!F27:F36) -> 4 | C13: =MEDIAN(Datasheet!G27:G36) -> 3 | D13: =MEDIAN(Datasheet!H27:H36) -> 3 | E13: =MEDIAN(Datasheet!I27:I36) -> 2 | F13: =MEDIAN(Datasheet!J27:J36) -> 4
A14: 4 | B14: =MEDIAN(Datasheet!F38:F47) -> 3 | C14: =MEDIAN(Datasheet!G38:G47) -> 3 | D14: =MEDIAN(Datasheet!H38:H47) -> 4 | E14: =MEDIAN(Datasheet!I38:I47) -> 3 | F14: =MEDIAN(Datasheet!J38:J47) -> 4
A15: 5 | B15: =MEDIAN(Datasheet!F49:F58) -> 4 | C15: =MEDIAN(Datasheet!G49:G58) -> 4 | D15: =MEDIAN(Datasheet!H49:H58) -> 4 | E15: =MEDIAN(Datasheet!I49:I58) -> 4 | F15: =MEDIAN(Datasheet!J49:J58) -> 4

Sheet Correctness Distribution
A1: Cycle | B1: Min | C1: Q1 | D1: Median | E1: Q3 | F1: Max
A2: 1 | B2: =MIN(Datasheet!S5:S14) -> 2 | C2: =QUARTILE(Datasheet!S5:S14,1) -> 2.5 | D2: =MEDIAN(Datasheet!S5:S14) -> 3 | E2: =QUARTILE(Datasheet!S5:S14,3) -> 3 | F2: =MAX(Datasheet!S5:S14) -> 3.5
A3: 2 | B3: =MIN(Datasheet!S16:S25) -> 3 | C3: =QUARTILE(Datasheet!S16:S25,1) -> 3.5 | D3: =MEDIAN(Datasheet!S16:S25) -> 4 | E3: =QUARTILE(Datasheet!S16:S25,3) -> 4 | F3: =MAX(Datasheet!S16:S25) -> 4
A4: 3 | B4: =MIN(Datasheet!S27:S36) -> 3 | C4: =QUARTILE(Datasheet!S27:S36,1) -> 3.625 | D4: =MEDIAN(Datasheet!S27:S36) -> 4 | E4: =QUARTILE(Datasheet!S27:S36,3) -> 4 | F4: =MAX(Datasheet!S27:S36) -> 4
A5: 4 | B5: =MIN(Datasheet!S38:S47) -> 3 | C5: =QUARTILE(Datasheet!S38:S47,1) -> 3.5 | D5: =MEDIAN(Datasheet!S38:S47) -> 4 | E5: =QUARTILE(Datasheet!S38:S47,3) -> 4 | F5: =MAX(Datasheet!S38:S47) -> 4
A6: 5 | B6: =MIN(Datasheet!S49:S58) -> 3.5 | C6: =QUARTILE(Datasheet!S49:S58,1) -> 4 | D6: =MEDIAN(Datasheet!S49:S58) -> 4 | E6: =QUARTILE(Datasheet!S49:S58,3) -> 4 | F6: =MAX(Datasheet!S49:S58) -> 4

Sheet Screened, Extracted and Matched
A1: Screening
A2: Document | B2: Content Summary
A3: ISO/IEC/IEEE 29148:2018 | B3: Distinguishes characteristics of individual requirements and of a set of requirements.
A4: ISO/IEC/IEEE 15288:2015 | B4: Does not define micro‑level requirement statement qualities (like unambiguous or singular etc.) explicitly. However it presents and uses higher‑level notions of requirement and system quality.
A5: ISO/IEC/IEEE 12207:2017 | B5: Similar pattern as 15288 identified. Document is process‑oriented, with quality properties implied rather than named as requirement‑statement attributes.
A6: ISO/IEC 25010 | B6: This is a product‑quality and quality‑in‑use model.
A7: IEEE 1061-1992 | B7: Defines a methodology for metrics over software quality attributes rather than a fixed catalog, but its examples align with classic factors like usability.
A8: INCOSE Guide for Writing Requirements (incl. V3/V4) | B8: Gives a clear set of characteristics for individual requirements and for sets.
A10: Extraction and Matching
A11: Quality | B11: ISO/IEC/IEEE 29148:2018 | C11: ISO/IEC/IEEE 15288:2015 | D11: ISO/IEC/IEEE 12207:2017 | E11: ISO/IEC 25010 | F11: IEEE 1061-1992 | G11: INCOSE Guide for Writing Requirements (incl. V3/V4)
A12: Atomicity | B12: Singular (each requirement states a single capability, characteristic, constraint, or quality factor). | C12: Implicitly supported via requirement traceability/uniqueness and manageable requirement items, but no explicit “atomic” or “singular” characteristic. | D12: Not explicitly defined; implied via manageable software requirements items. | E12: No direct equivalent | F12: Not a defined quality or metric in the taxonomy but it is handled at requirements/specification level. | G12: Singular (each requirement states a single capability/characteristic).
A13: Ambiguity | B13: Unambiguous (requirement can be interpreted in only one way by all intended audiences). | C13: Implicitly discouraged through requirements processes; no explicit “unambiguous” requirement characteristic. | D13: Not explicitly named, however avoiding ambiguous staements is part of good SRS practice aligned with 29148. | E13: No direct attribute matches this. Ambiguity is usually treated in requirements quality, not product quality. | F13: Not explicitly listed but framed as a measurable attributes such as reliability. | G13: Unambiguous / Non‑ambiguous (one and only one interpretation; avoid vague words).
A14: Completeness | B14: Complete (requirements set stands alone and addresses all necessary aspects) | C14: Complete requirement set is implied in verification/validation outcomes and stakeholder requirements definition, but not formalized as a named attribute. | D14: Completeness of software requirements is a goal of the Software Requirements Definition and Verification processes, but not labeled as a formal attribute. | E14: Functional completeness (sub‑characteristic of Functional suitability: all specified functions are provided). | F14: Addressed via functional completeness and “meeting quality requirements” through metrics, but not a standalone named factor. | G14: For individual requirements: Complete (no further amplification needed); for sets: Complete (set sufficiently describes all necessary aspects).
A15: Usability | B15: Not listed as a requirement quality but appears as a requirement type (e.g., “Usability requirements” in SyRS/SRS content). | C15: Appears as a system quality characteristic / non‑functional requirement (e.g., usability requirements in operational quality) | D15: Treated as a software product quality / non-functional requirement category (usability requirements). | E15: Usability (top‑level product quality characteristic with sub‑characteristics such as learnability, operability, user error protection, accessibility). | F15: Usability as a quality factor, with sub‑factors like ease of learning, operability, understandability, communicativeness. | G15: Not a requirement‑statement quality; appears as a type of requirement (usability requirement) aligned with ISO 25010 usability.
A16: Consistency | B16: Consistent (no conflicts inside a requirement set, same terms used consistently). | C16: Requirement consistency is implied in “consistent with stakeholder needs and architecture” but not enumerated as a named requirement attribute. | D16: Implied consistency within and between software requirements and higher‑level requirements, but not named as a standalone attribute. | E16: No explicit “consistency” characteristic. However related concepts appear under Compatibility (interoperability, coexistence) and Usability (consistent UI etc.). | F16: Not a named quality but is implied under correctness or reliability metrics. | G16: Consistent (no conflicts among requirements; homogeneous terminology across the set).
